Date,Open,High,Low,Close,Adj Close,Volume
2023-10-30,8.229999542236328,8.680000305175781,8.180000305175781,8.65999984741211,8.588824272155762,10258482
2023-10-31,8.8100004196167,8.989999771118164,8.600000381469727,8.649999618530273,8.578906059265137,11672808
2023-11-01,8.630000114440918,8.819999694824219,8.59000015258789,8.680000305175781,8.608659744262695,6389600
2023-11-02,8.649999618530273,9,8.640000343322754,8.829999923706055,8.757427215576172,9446700
2023-11-03,8.770000457763672,8.930000305175781,8.699999809265137,8.789999961853027,8.717756271362305,7187800
2023-11-06,8.8100004196167,9.069999694824219,8.779999732971191,8.989999771118164,8.916111946105957,7820400
2023-11-07,8.920000076293945,9.1899995803833,8.920000076293945,9.130000114440918,9.054961204528809,6767628
2023-11-08,9.069999694824219,9.350000381469727,9.069999694824219,9.229999542236328,9.154139518737793,7823999
2023-11-09,9.220000267028809,9.3100004196167,9.109999656677246,9.149999618530273,9.074796676635742,6867236
2023-11-10,9.130000114440918,9.1899995803833,8.960000038146973,8.979999542236328,8.906193733215332,4558005
2023-11-13,9.050000190734863,9.229999542236328,9.050000190734863,9.100000381469727,9.025208473205566,5269500
2023-11-14,9.100000381469727,9.1899995803833,9.050000190734863,9.079999923706055,9.005372047424316,3592200
2023-11-15,9.100000381469727,9.15999984741211,8.90999984741211,8.920000076293945,8.846687316894531,3753200
2023-11-16,8.90999984741211,9.15999984741211,8.880000114440918,9.109999656677246,9.035125732421875,5347200
2023-11-17,9.109999656677246,9.479999542236328,9.079999923706055,9.220000267028809,9.144222259521484,8349700
2023-11-20,9.34000015258789,9.350000381469727,9.130000114440918,9.199999809265137,9.12438678741455,5566700
2023-11-21,9.170000076293945,9.40999984741211,9.170000076293945,9.390000343322754,9.312825202941895,6372400
2023-11-22,9.270000457763672,9.430000305175781,9.239999771118164,9.260000228881836,9.183893203735352,6571900
2023-11-23,9.1899995803833,9.329999923706055,9.140000343322754,9.25,9.173975944519043,5279436
2023-11-24,9.180000305175781,9.399999618530273,9.149999618530273,9.199999809265137,9.12438678741455,4673100
2023-11-27,9.170000076293945,9.989999771118164,9.039999961853027,9.449999809265137,9.372331619262695,15366814
2023-11-28,9.050000190734863,9.430000305175781,8.859999656677246,9.319999694824219,9.243399620056152,16392100
2023-11-29,9.3100004196167,9.319999694824219,9.069999694824219,9.140000343322754,9.064879417419434,7606814
2023-11-30,9.149999618530273,9.210000038146973,8.970000267028809,9.100000381469727,9.025208473205566,5942684
2023-12-01,9.109999656677246,9.579999923706055,9.109999656677246,9.520000457763672,9.441756248474121,11777230
2023-12-04,9.520000457763672,9.649999618530273,9.4399995803833,9.470000267028809,9.392167091369629,7571400
2023-12-05,9.460000038146973,9.460000038146973,9.15999984741211,9.15999984741211,9.08471393585205,4815000
2023-12-06,9.140000343322754,9.520000457763672,9.029999732971191,9.420000076293945,9.342577934265137,6417400
2023-12-07,9.420000076293945,9.619999885559082,9.40999984741211,9.550000190734863,9.47150993347168,5877800
2023-12-08,9.479999542236328,9.579999923706055,9.260000228881836,9.3100004196167,9.233482360839844,5902300
2023-12-11,9.279999732971191,9.680000305175781,9.260000228881836,9.680000305175781,9.600441932678223,10599800
2023-12-12,9.65999984741211,9.75,9.579999923706055,9.739999771118164,9.659948348999023,9127750
2023-12-13,9.670000076293945,9.800000190734863,9.470000267028809,9.510000228881836,9.431838035583496,6232200
2023-12-14,9.510000228881836,10.0600004196167,9.5,9.649999618530273,9.570688247680664,13835649
2023-12-15,9.6899995803833,10.229999542236328,9.630000114440918,9.930000305175781,9.848386764526367,18959384
2023-12-18,10.010000228881836,11.300000190734863,9.84000015258789,10.5,10.413701057434082,31424784
2023-12-19,10.260000228881836,12.600000381469727,10.170000076293945,12.600000381469727,12.496442794799805,30992508
2023-12-20,14,14.869999885559082,12.470000267028809,12.989999771118164,12.8832368850708,73206225
2023-12-21,12.470000267028809,12.609999656677246,11.350000381469727,11.630000114440918,11.534414291381836,51025201
2023-12-22,11.630000114440918,11.800000190734863,10.100000381469727,10.199999809265137,10.116167068481445,44677268
2023-12-25,10.09000015258789,10.199999809265137,9.359999656677246,9.670000076293945,9.590523719787598,30355411
2023-12-26,9.739999771118164,10.710000038146973,9.729999542236328,10.4399995803833,10.354194641113281,41778019
2023-12-27,10.510000228881836,10.75,9.90999984741211,10.350000381469727,10.264934539794922,29218292
2023-12-28,10.270000457763672,10.460000038146973,10.010000228881836,10.329999923706055,10.245099067687988,22198092
2023-12-29,10.600000381469727,11.5,10.600000381469727,11.199999809265137,11.107948303222656,35433500
2024-01-02,10.899999618530273,11.359999656677246,10.829999923706055,10.90999984741211,10.820331573486328,24084441
2024-01-03,10.829999923706055,10.890000343322754,10.529999732971191,10.65999984741211,10.572386741638184,17886299
2024-01-04,10.600000381469727,10.609999656677246,10.319999694824219,10.399999618530273,10.314522743225098,12109367
2024-01-05,10.359999656677246,10.430000305175781,9.9399995803833,10.039999961853027,9.95748233795166,13133500
2024-01-08,10.039999961853027,10.819999694824219,10.029999732971191,10.489999771118164,10.403783798217773,23112500
2024-01-09,10.630000114440918,11.180000305175781,10.630000114440918,11.069999694824219,10.97901725769043,28457800
2024-01-10,10.920000076293945,11.079999923706055,10.40999984741211,10.449999809265137,10.36411190032959,17783009
2024-01-11,10.420000076293945,11.6899995803833,10.3100004196167,11.25,11.157537460327148,25078457
2024-01-12,11.220000267028809,11.300000190734863,10.890000343322754,10.979999542236328,10.889756202697754,17212700
2024-01-15,10.979999542236328,11.09000015258789,10.600000381469727,10.630000114440918,10.542634010314941,12667499
2024-01-16,10.649999618530273,10.6899995803833,10.09000015258789,10.329999923706055,10.245099067687988,13351200
2024-01-17,10.319999694824219,10.329999923706055,9.550000190734863,9.600000381469727,9.521099090576172,13696100
2024-01-18,9.510000228881836,9.640000343322754,9.039999961853027,9.319999694824219,9.243399620056152,15023458
2024-01-19,9.279999732971191,9.5,9.050000190734863,9.119999885559082,9.045042991638184,12433340
2024-01-22,9.079999923706055,9.140000343322754,8.199999809265137,8.329999923706055,8.261536598205566,14232030
2024-01-23,8.40999984741211,8.5,8.029999732971191,8.180000305175781,8.11276912689209,11756399
2024-01-24,8.199999809265137,8.5,8.100000381469727,8.399999618530273,8.330961227416992,10206200
2024-01-25,8.359999656677246,8.670000076293945,8.1899995803833,8.619999885559082,8.549152374267578,10836599
2024-01-26,8.819999694824219,9.100000381469727,8.770000457763672,8.779999732971191,8.70783805847168,18048040
2024-01-29,8.84000015258789,8.890000343322754,8.119999885559082,8.15999984741211,8.092933654785156,12851640
2024-01-30,8.050000190734863,8.220000267028809,7.840000152587891,7.880000114440918,7.815235137939453,8191800
2024-01-31,8,8.09000015258789,7.460000038146973,7.46999979019165,7.408604621887207,9487492
2024-02-01,7.429999828338623,7.559999942779541,7.179999828338623,7.349999904632568,7.289590835571289,7763800
2024-02-02,7.389999866485596,7.670000076293945,6.699999809265137,7.010000228881836,6.952385902404785,10203337
2024-02-05,6.909999847412109,7,5.880000114440918,5.980000019073486,5.930850982666016,14396300
2024-02-06,5.800000190734863,6.300000190734863,5.329999923706055,6.03000020980835,5.980440616607666,15689300
2024-02-07,6.019999980926514,6.019999980926514,5.260000228881836,5.389999866485596,5.345700263977051,20464150
2024-02-08,5.420000076293945,6.239999771118164,5.099999904632568,6.039999961853027,5.990357875823975,20582007
2024-02-19,6.179999828338623,6.510000228881836,6.139999866485596,6.420000076293945,6.367234706878662,19313661
2024-02-20,6.440000057220459,6.789999961853027,6.289999961853027,6.690000057220459,6.635015487670898,16270746
2024-02-21,6.809999942779541,7.619999885559082,6.690000057220459,7.050000190734863,6.992056846618652,23125800
2024-02-22,6.849999904632568,7.21999979019165,6.849999904632568,7.190000057220459,7.130906581878662,17749264
2024-02-23,7.28000020980835,7.650000095367432,7.190000057220459,7.650000095367432,7.587125778198242,19155700
2024-02-26,7.599999904632568,7.840000152587891,7.340000152587891,7.659999847412109,7.597043514251709,18444392
2024-02-27,7.619999885559082,8,7.510000228881836,8,7.934248924255371,15686000
2024-02-28,8.050000190734863,8.300000190734863,7.159999847412109,7.199999809265137,7.140823841094971,24543100
2024-02-29,6.960000038146973,7.550000190734863,6.960000038146973,7.46999979019165,7.408604621887207,16579100
2024-03-01,7.599999904632568,7.840000152587891,7.519999980926514,7.710000038146973,7.646632671356201,16502600
2024-03-04,7.659999847412109,7.760000228881836,7.389999866485596,7.699999809265137,7.636714458465576,12875042
2024-03-05,7.679999828338623,7.679999828338623,7.380000114440918,7.449999809265137,7.388769149780273,10566600
2024-03-06,7.400000095367432,7.599999904632568,7.320000171661377,7.489999771118164,7.428440570831299,9694100
2024-03-07,7.480000019073486,7.579999923706055,7.269999980926514,7.340000152587891,7.2796735763549805,9472908
2024-03-08,7.329999923706055,7.480000019073486,7.25,7.429999828338623,7.36893367767334,6958400
2024-03-11,7.420000076293945,7.650000095367432,7.320000171661377,7.650000095367432,7.587125778198242,8677200
2024-03-12,7.650000095367432,7.789999961853027,7.599999904632568,7.75,7.686303615570068,9571900
2024-03-13,7.71999979019165,8.020000457763672,7.71999979019165,7.900000095367432,7.835071086883545,13633400
2024-03-14,7.829999923706055,8.529999732971191,7.789999961853027,8.359999656677246,8.291290283203125,27107305
2024-03-15,8.220000267028809,8.25,7.920000076293945,8.140000343322754,8.073098182678223,19267082
2024-03-18,8.0600004196167,8.220000267028809,8,8.210000038146973,8.142522811889648,15882150
2024-03-19,8.149999618530273,8.479999542236328,8.100000381469727,8.140000343322754,8.073098182678223,15339182
2024-03-20,8.100000381469727,8.380000114440918,8.100000381469727,8.380000114440918,8.311125755310059,15202632
2024-03-21,8.369999885559082,9.25,8.369999885559082,8.920000076293945,8.846687316894531,27884873
2024-03-22,9,10.0600004196167,8.850000381469727,9.649999618530273,9.570688247680664,37049550
2024-03-25,9.470000267028809,9.470000267028809,8.699999809265137,8.770000457763672,8.697920799255371,24478432
2024-03-26,8.739999771118164,8.960000038146973,8.199999809265137,8.539999961853027,8.469810485839844,20245500
2024-03-27,8.40999984741211,8.630000114440918,7.989999771118164,8.029999732971191,7.9640021324157715,15539585
2024-03-28,8.029999732971191,8.399999618530273,7.960000038146973,8.25,8.182194709777832,14081844
2024-03-29,8.199999809265137,8.329999923706055,7.96999979019165,8.149999618530273,8.083015441894531,7611600
2024-04-01,8.119999885559082,8.520000457763672,8.100000381469727,8.5,8.430139541625977,12613700
2024-04-02,8.449999809265137,8.489999771118164,8.170000076293945,8.25,8.182194709777832,10784109
2024-04-03,8.229999542236328,8.229999542236328,7.639999866485596,7.710000038146973,7.646632671356201,15226341
2024-04-08,7.710000038146973,7.75,7.389999866485596,7.440000057220459,7.378851890563965,9174840
2024-04-09,7.480000019073486,7.78000020980835,7.460000038146973,7.75,7.686303615570068,7851700
2024-04-10,7.699999809265137,7.739999771118164,7.170000076293945,7.340000152587891,7.2796735763549805,9768300
2024-04-11,7.260000228881836,7.610000133514404,7.230000019073486,7.46999979019165,7.408604621887207,7567009
2024-04-12,7.46999979019165,7.570000171661377,7.25,7.289999961853027,7.230084419250488,6156293
2024-04-15,7.210000038146973,7.289999961853027,6.539999961853027,6.670000076293945,6.615180015563965,11311500
2024-04-16,6.570000171661377,6.659999847412109,5.920000076293945,5.940000057220459,5.89117956161499,11058100
2024-04-17,6.119999885559082,6.699999809265137,6.119999885559082,6.690000057220459,6.635015487670898,11133070
2024-04-18,6.699999809265137,6.699999809265137,6.429999828338623,6.489999771118164,6.436659336090088,7875800
2024-04-19,6.480000019073486,6.599999904632568,6.349999904632568,6.389999866485596,6.3374810218811035,6356100
2024-04-22,6.429999828338623,6.460000038146973,6.110000133514404,6.349999904632568,6.297810077667236,5852692
2024-04-23,6.360000133514404,6.690000057220459,6.329999923706055,6.639999866485596,6.585426330566406,7765730
2024-04-24,6.599999904632568,6.940000057220459,6.579999923706055,6.940000057220459,6.882960796356201,6743300
2024-04-25,6.880000114440918,7.019999980926514,6.840000152587891,6.96999979019165,6.91271448135376,5788692
2024-04-26,6.909999847412109,7.199999809265137,6.909999847412109,7.090000152587891,7.031728267669678,8037500
2024-04-29,7.070000171661377,7.360000133514404,7.050000190734863,7.329999923706055,7.2697553634643555,7342600
2024-04-30,7.300000190734863,7.460000038146973,7.110000133514404,7.199999809265137,7.140823841094971,7482600
2024-05-06,7.300000190734863,7.400000095367432,7.28000020980835,7.369999885559082,7.309426307678223,6250900
2024-05-07,7.380000114440918,7.539999961853027,7.340000152587891,7.380000114440918,7.319344520568848,6168500
2024-05-08,7.329999923706055,7.409999847412109,7.190000057220459,7.199999809265137,7.140823841094971,7102038
2024-05-09,7.260000228881836,7.400000095367432,7.21999979019165,7.349999904632568,7.289590835571289,4924300
2024-05-10,7.360000133514404,7.400000095367432,7.079999923706055,7.099999904632568,7.041645526885986,6116800
2024-05-13,7,7.059999942779541,6.760000228881836,6.829999923706055,6.77386474609375,6019100
2024-05-14,6.840000152587891,7.130000114440918,6.840000152587891,7.070000171661377,7.011892795562744,5838900
2024-05-15,7.070000171661377,7.179999828338623,6.949999809265137,7.059999942779541,7.001974582672119,4750900
2024-05-16,7.039999961853027,7.360000133514404,7.039999961853027,7.289999961853027,7.230084419250488,7401998
2024-05-17,7.269999980926514,7.340000152587891,7.170000076293945,7.28000020980835,7.2201666831970215,5129100
2024-05-20,7.300000190734863,7.389999866485596,7.199999809265137,7.269999980926514,7.210248947143555,5059800
2024-05-21,7.230000019073486,7.320000171661377,7.159999847412109,7.210000038146973,7.150742053985596,4209800
2024-05-22,7.25,7.420000076293945,7.150000095367432,7.400000095367432,7.339179992675781,6057700
2024-05-23,7.360000133514404,7.389999866485596,7.070000171661377,7.110000133514404,7.051563739776611,6265300
2024-05-24,7.059999942779541,7.170000076293945,6.980000019073486,7.019999980926514,6.962303638458252,4321820
2024-05-27,7.010000228881836,7.070000171661377,6.860000133514404,7.050000190734863,6.992056846618652,4187620
2024-05-28,6.980000019073486,7.03000020980835,6.800000190734863,6.869999885559082,6.813536167144775,4966300
2024-05-29,6.869999885559082,7.050000190734863,6.809999942779541,6.909999847412109,6.853207111358643,3977600
2024-05-30,6.889999866485596,7.349999904632568,6.75,7.099999904632568,7.041645526885986,10758800
2024-05-31,7.090000152587891,7.320000171661377,7.059999942779541,7.150000095367432,7.0912346839904785,10830420
2024-06-03,7.150000095367432,7.150000095367432,6.78000020980835,6.860000133514404,6.803618431091309,9656920
2024-06-04,6.900000095367432,6.900000095367432,6.489999771118164,6.599999904632568,6.545755386352539,7352100
2024-06-05,6.599999904632568,6.599999904632568,6.389999866485596,6.409999847412109,6.357316493988037,5612400
2024-06-06,6.429999828338623,6.489999771118164,5.900000095367432,6,5.950686931610107,8556100
2024-06-07,6.150000095367432,6.309999942779541,6.079999923706055,6.289999961853027,6.238303184509277,6670900
2024-06-11,6.21999979019165,6.389999866485596,6.050000190734863,6.360000133514404,6.307727813720703,5878500
2024-06-12,6.349999904632568,6.619999885559082,6.309999942779541,6.610000133514404,6.555673122406006,5101800
2024-06-13,6.619999885559082,6.71999979019165,6.510000228881836,6.599999904632568,6.545755386352539,5159100
2024-06-14,6.590000152587891,6.630000114440918,6.510000228881836,6.599999904632568,6.545755386352539,3168600
2024-06-17,6.570000171661377,6.590000152587891,6.400000095367432,6.429999828338623,6.377152442932129,4283000
2024-06-18,6.429999828338623,6.650000095367432,6.400000095367432,6.630000114440918,6.5755085945129395,3965700
2024-06-19,6.639999866485596,6.739999771118164,6.559999942779541,6.630000114440918,6.5755085945129395,4446700
2024-06-20,6.630000114440918,6.630000114440918,6.320000171661377,6.320000171661377,6.268056869506836,4832700
2024-06-21,6.389999866485596,6.389999866485596,6.150000095367432,6.239999771118164,6.188714027404785,3739500
2024-06-24,6.190000057220459,6.199999809265137,5.889999866485596,5.920000076293945,5.871344089508057,4994500
2024-06-25,5.920000076293945,6.050000190734863,5.860000133514404,5.929999828338623,5.881261825561523,3869700
2024-06-26,5.920000076293945,6.389999866485596,5.900000095367432,6.389999866485596,6.3374810218811035,6355100
2024-06-27,6.400000095367432,6.519999980926514,6.269999980926514,6.300000190734863,6.248221397399902,5366041
2024-06-28,6.329999923706055,6.639999866485596,6.25,6.360000133514404,6.307727813720703,7299400
2024-07-01,6.309999942779541,6.349999904632568,6.139999866485596,6.320000171661377,6.268056869506836,5664300
2024-07-02,6.320000171661377,6.550000190734863,6.320000171661377,6.480000019073486,6.426742076873779,5109400
2024-07-03,6.480000019073486,6.53000020980835,6.360000133514404,6.380000114440918,6.327563762664795,3505100
2024-07-04,6.380000114440918,6.429999828338623,6.059999942779541,6.070000171661377,6.020111560821533,4348100
2024-07-05,6.059999942779541,6.289999961853027,5.960000038146973,6.230000019073486,6.178796291351318,3848600
2024-07-08,6.179999828338623,6.230000019073486,5.949999809265137,5.980000019073486,5.969176292419434,3726500
2024-07-09,6.25,7.179999828338623,6.25,6.78000020980835,6.767728805541992,28330293
2024-07-10,6.739999771118164,6.989999771118164,6.559999942779541,6.610000133514404,6.598036289215088,30592721
2024-07-11,6.840000152587891,7.369999885559082,6.659999847412109,7.25,7.236877918243408,34125572
2024-07-12,6.989999771118164,7.349999904632568,6.880000114440918,6.920000076293945,6.907474994659424,24976814
2024-07-15,6.809999942779541,7.059999942779541,6.650000095367432,6.800000190734863,6.787692546844482,16070042
2024-07-16,6.760000228881836,7.090000152587891,6.630000114440918,6.940000057220459,6.927438735961914,19268014
2024-07-17,6.800000190734863,7.360000133514404,6.800000190734863,7.199999809265137,7.1869683265686035,30137851
2024-07-18,7.019999980926514,7.139999866485596,6.670000076293945,7.099999904632568,7.087149143218994,21928642
2024-07-19,6.920000076293945,7.650000095367432,6.880000114440918,7.320000171661377,7.306751251220703,28377098
2024-07-22,7.159999847412109,7.380000114440918,7.050000190734863,7.25,7.236877918243408,19305042
2024-07-23,7.139999866485596,7.820000171661377,7.059999942779541,7.360000133514404,7.346678733825684,28899756
2024-07-24,7.099999904632568,7.289999961853027,6.900000095367432,6.980000019073486,6.967366695404053,19762700
2024-07-25,6.840000152587891,8.34000015258789,6.78000020980835,7.579999923706055,7.566280364990234,31705242
2024-07-26,7.429999828338623,7.710000038146973,7.320000171661377,7.710000038146973,7.696045398712158,25791900
2024-07-29,7.590000152587891,8.34000015258789,7.489999771118164,8,7.985520362854004,30674530
2024-07-30,8.319999694824219,8.869999885559082,7.829999923706055,7.920000076293945,7.905665397644043,31106830
2024-07-31,7.75,8.170000076293945,7.730000019073486,7.96999979019165,7.9555745124816895,24804500
2024-08-01,7.820000171661377,9.5600004196167,7.690000057220459,8.800000190734863,8.784072875976562,41803185
2024-08-02,8.369999885559082,8.760000228881836,8.300000190734863,8.5600004196167,8.544507026672363,29342185
2024-08-05,8.220000267028809,8.890000343322754,8.0600004196167,8.0600004196167,8.045412063598633,24700315
2024-08-06,8.300000190734863,8.470000267028809,7.619999885559082,7.949999809265137,7.935610771179199,22200300
2024-08-07,7.880000114440918,8.140000343322754,7.699999809265137,8.130000114440918,8.11528491973877,17090770
2024-08-08,7.96999979019165,8.039999961853027,7.320000171661377,7.329999923706055,7.316732883453369,18402540
2024-08-09,7.309999942779541,7.480000019073486,6.960000038146973,7.010000228881836,6.997312545776367,18247530
2024-08-12,6.900000095367432,6.900000095367432,6.699999809265137,6.760000228881836,6.747765064239502,10994600
2024-08-13,6.760000228881836,6.820000171661377,6.679999828338623,6.800000190734863,6.787692546844482,6647400
2024-08-14,6.789999961853027,6.920000076293945,6.739999771118164,6.809999942779541,6.797674179077148,8120900
2024-08-15,6.760000228881836,7.03000020980835,6.699999809265137,6.940000057220459,6.927438735961914,10972000
2024-08-16,7.150000095367432,7.190000057220459,6.889999866485596,6.889999866485596,6.877529144287109,11920380
2024-08-19,6.909999847412109,6.980000019073486,6.769999980926514,6.809999942779541,6.797674179077148,8583588
2024-08-20,6.800000190734863,6.889999866485596,6.639999866485596,6.71999979019165,6.707837104797363,8119800
2024-08-21,6.710000038146973,6.800000190734863,6.599999904632568,6.650000095367432,6.637963771820068,6068000
2024-08-22,6.630000114440918,6.730000019073486,6.460000038146973,6.46999979019165,6.45828914642334,7172200
2024-08-23,6.5,6.550000190734863,6.360000133514404,6.480000019073486,6.468271732330322,5346200
2024-08-26,6.510000228881836,6.650000095367432,6.409999847412109,6.610000133514404,6.598036289215088,4661700
2024-08-27,6.610000133514404,6.610000133514404,6.400000095367432,6.400000095367432,6.388416290283203,4465800
2024-08-28,6.389999866485596,6.570000171661377,6.300000190734863,6.5,6.4882354736328125,4321800
2024-08-29,6.5,6.610000133514404,6.420000076293945,6.570000171661377,6.558108806610107,3948600
2024-08-30,6.5,6.829999923706055,6.46999979019165,6.739999771118164,6.7278008460998535,6813200
2024-09-02,6.690000057220459,6.800000190734863,6.599999904632568,6.610000133514404,6.598036289215088,5383800
2024-09-03,6.619999885559082,6.769999980926514,6.610000133514404,6.679999828338623,6.667909145355225,5160700
2024-09-04,6.800000190734863,7.050000190734863,6.690000057220459,6.809999942779541,6.797674179077148,14960742
2024-09-05,6.730000019073486,6.889999866485596,6.639999866485596,6.789999961853027,6.777710437774658,10672500
2024-09-06,6.78000020980835,6.980000019073486,6.730000019073486,6.75,6.737782955169678,10725742
2024-09-09,6.570000171661377,6.690000057220459,6.5,6.650000095367432,6.637963771820068,6701166
2024-09-10,6.710000038146973,6.789999961853027,6.5,6.760000228881836,6.747765064239502,5748700
2024-09-11,6.739999771118164,6.769999980926514,6.590000152587891,6.619999885559082,6.608017921447754,4516600
2024-09-12,6.630000114440918,6.769999980926514,6.630000114440918,6.650000095367432,6.637963771820068,4680700
2024-09-13,6.639999866485596,6.699999809265137,6.489999771118164,6.489999771118164,6.478253364562988,4333700
2024-09-18,6.480000019073486,6.550000190734863,6.239999771118164,6.380000114440918,6.368452548980713,4980800
2024-09-19,6.409999847412109,6.630000114440918,6.389999866485596,6.590000152587891,6.578072547912598,5300300
2024-09-20,6.619999885559082,6.690000057220459,6.550000190734863,6.650000095367432,6.637963771820068,3696900
2024-09-23,6.659999847412109,6.730000019073486,6.559999942779541,6.71999979019165,6.707837104797363,3686900
2024-09-24,6.739999771118164,6.860000133514404,6.599999904632568,6.829999923706055,6.817637920379639,6575900
2024-09-25,6.880000114440918,7.179999828338623,6.840000152587891,7.010000228881836,6.997312545776367,11648600
2024-09-26,7.010000228881836,7.090000152587891,6.929999828338623,7.090000152587891,7.077167510986328,9974900
2024-09-27,7.159999847412109,7.5,7.110000133514404,7.420000076293945,7.4065704345703125,15077700
2024-09-30,7.75,8.630000114440918,7.480000019073486,8.489999771118164,8.47463321685791,24723100
2024-10-08,9.930000305175781,9.930000305175781,8.539999961853027,9.470000267028809,9.452859878540039,27560128
2024-10-09,9,9,7.869999885559082,7.869999885559082,7.85575532913208,20590928
2024-10-10,8.100000381469727,8.489999771118164,7.960000038146973,8.119999885559082,8.105302810668945,13962700
2024-10-11,8.100000381469727,8.220000267028809,7.5,7.699999809265137,7.686063289642334,12156600
2024-10-14,7.78000020980835,8.050000190734863,7.650000095367432,8.020000457763672,8.005484580993652,9874400
2024-10-15,8.020000457763672,8.329999923706055,7.800000190734863,8.029999732971191,8.01546573638916,12173400
2024-10-16,7.849999904632568,8.180000305175781,7.769999980926514,8.039999961853027,8.025447845458984,9352300
2024-10-17,8.119999885559082,8.329999923706055,8.0600004196167,8.1899995803833,8.175175666809082,11073300
2024-10-18,8.09000015258789,8.550000190734863,8.0600004196167,8.380000114440918,8.364832878112793,13628221
2024-10-21,8.34000015258789,8.65999984741211,8.319999694824219,8.59000015258789,8.57445240020752,12831948
2024-10-22,8.59000015258789,9,8.5,8.84000015258789,8.824000358581543,16574300
2024-10-23,8.819999694824219,8.869999885559082,8.520000457763672,8.59000015258789,8.57445240020752,13003100
2024-10-24,8.5,8.579999923706055,8.380000114440918,8.479999542236328,8.464651107788086,7521092
2024-10-25,8.510000228881836,8.760000228881836,8.5,8.65999984741211,8.644325256347656,8126400
2024-10-28,8.680000305175781,8.9399995803833,8.65999984741211,8.90999984741211,8.89387321472168,9343200
2024-10-29,8.850000381469727,9,8.420000076293945,8.489999771118164,8.47463321685791,11840300
2024-10-30,8.369999885559082,8.5600004196167,8.279999732971191,8.399999618530273,8.384796142578125,7728000
2024-10-31,8.4399995803833,8.569999694824219,8.3100004196167,8.449999809265137,8.43470573425293,8740100
2024-11-01,8.399999618530273,8.449999809265137,7.880000114440918,7.909999847412109,7.895683288574219,11655500
2024-11-04,7.860000133514404,8.180000305175781,7.860000133514404,8.180000305175781,8.165194511413574,6845500
2024-11-05,8.1899995803833,8.420000076293945,8.1899995803833,8.319999694824219,8.304941177368164,7005000
2024-11-06,8.359999656677246,8.880000114440918,8.279999732971191,8.529999732971191,8.51456069946289,12998064
2024-11-07,8.4399995803833,8.829999923706055,8.430000305175781,8.800000190734863,8.784072875976562,12616500
2024-11-08,8.880000114440918,8.979999542236328,8.649999618530273,8.760000228881836,8.744145393371582,11497600
2024-11-11,8.680000305175781,9.180000305175781,8.680000305175781,9.180000305175781,9.163385391235352,13013343
2024-11-12,9.149999618530273,9.15999984741211,8.75,8.869999885559082,8.8539457321167,10697900
2024-11-13,8.84000015258789,9.25,8.800000190734863,9.229999542236328,9.21329402923584,16161479
2024-11-14,9.15999984741211,9.369999885559082,8.800000190734863,8.84000015258789,8.824000358581543,12099700
2024-11-15,8.779999732971191,9.609999656677246,8.779999732971191,9.300000190734863,9.283167839050293,27490100
2024-11-18,9.319999694824219,9.489999771118164,8.279999732971191,8.539999961853027,8.524542808532715,23972800
2024-11-19,8.630000114440918,8.779999732971191,8.300000190734863,8.779999732971191,8.764108657836914,14532900
2024-11-20,8.960000038146973,9.300000190734863,8.890000343322754,9.229999542236328,9.21329402923584,17320000
2024-11-21,9.149999618530273,9.680000305175781,9.149999618530273,9.359999656677246,9.343058586120605,20619600
2024-11-22,9.380000114440918,9.880000114440918,9.010000228881836,9.069999694824219,9.053583145141602,21326500
2024-11-25,9.119999885559082,9.5,8.75,9.489999771118164,9.472823143005371,20439930
2024-11-26,9.65999984741211,9.65999984741211,9.15999984741211,9.229999542236328,9.21329402923584,19544800
2024-11-27,9.140000343322754,10.680000305175781,8.699999809265137,10.039999961853027,10.021827697753906,35723650
2024-11-28,10.199999809265137,10.680000305175781,9.84000015258789,9.880000114440918,9.862117767333984,34495145
2024-11-29,9.899999618530273,10.100000381469727,9.550000190734863,9.789999961853027,9.7722806930542,22092251
2024-12-02,10.15999984741211,10.199999809265137,9.800000190734863,9.930000305175781,9.912027359008789,17045000
2024-12-03,9.930000305175781,10.1899995803833,9.680000305175781,9.829999923706055,9.81220817565918,14792900
2024-12-04,9.899999618530273,9.899999618530273,9.289999961853027,9.399999618530273,9.382986068725586,15790200
2024-12-05,9.460000038146973,10.1899995803833,9.390000343322754,9.930000305175781,9.912027359008789,19858278
2024-12-06,9.930000305175781,10.390000343322754,9.729999542236328,10.15999984741211,10.141611099243164,22689500
2024-12-09,10.109999656677246,10.260000228881836,9.75,9.989999771118164,9.971918106079102,14612100
2024-12-10,10.25,10.569999694824219,9.989999771118164,10.15999984741211,10.141611099243164,17418800
2024-12-11,10.020000457763672,10.319999694824219,10,10.109999656677246,10.091700553894043,13099521
2024-12-12,10.119999885559082,10.3100004196167,9.9399995803833,10.199999809265137,10.181538581848145,13360479
2024-12-13,10.100000381469727,11.529999732971191,10,11.180000305175781,11.159765243530273,43102898
2024-12-16,12.960000038146973,13.420000076293945,12.960000038146973,13.420000076293945,13.395710945129395,21873654
2024-12-17,13.720000267028809,16.049999237060547,11.800000190734863,15.380000114440918,15.352163314819336,80474987
2024-12-18,15.210000038146973,17.290000915527344,14.010000228881836,15.65999984741211,15.6316556930542,72405383
2024-12-19,14.989999771118164,15.15999984741211,13.420000076293945,13.5,13.475565910339355,55281890
2024-12-20,14.050000190734863,16.200000762939453,14.050000190734863,16.200000762939453,16.170679092407227,44861244
2024-12-23,16.200000762939453,16.350000381469727,13.869999885559082,14.09000015258789,14.064497947692871,62943342
2024-12-24,13.960000038146973,15.149999618530273,12.920000076293945,14.199999809265137,14.174298286437988,54787205
2024-12-25,13.3100004196167,13.779999732971191,12.399999618530273,13.119999885559082,13.096253395080566,43262708
2024-12-26,13.09000015258789,13.479999542236328,12.800000190734863,13.029999732971191,13.006416320800781,35844792
2024-12-27,12.800000190734863,13.430000305175781,12.460000038146973,12.5600004196167,12.537267684936523,33103389
2024-12-30,12.199999809265137,12.350000381469727,11.600000381469727,11.850000381469727,11.82855224609375,26244192
2024-12-31,12.010000228881836,12.069999694824219,11.0600004196167,11.079999923706055,11.059946060180664,23425151
2025-01-02,11.140000343322754,12.430000305175781,11.0600004196167,11.779999732971191,11.758678436279297,39950004
2025-01-03,11.829999923706055,12,10.65999984741211,10.739999771118164,10.720561027526855,29520948
2025-01-06,10.779999732971191,10.930000305175781,10.029999732971191,10.260000228881836,10.241430282592773,17920330
2025-01-07,10.25,10.710000038146973,10.239999771118164,10.699999809265137,10.680633544921875,15940630
2025-01-08,10.670000076293945,11.369999885559082,10.550000190734863,11.1899995803833,11.169746398925781,25756800
2025-01-09,11.020000457763672,11.420000076293945,10.970000267028809,11.210000038146973,11.18971061706543,21364600
2025-01-10,11.020000457763672,11.180000305175781,10.260000228881836,10.279999732971191,10.261393547058105,20821812
2025-01-13,10,10.130000114440918,9.600000381469727,10.100000381469727,10.081719398498535,14666000
2025-01-14,10.989999771118164,11.84000015258789,10.5600004196167,11.59000015258789,11.569023132324219,36747380
2025-01-15,11.880000114440918,12.270000457763672,11.569999694824219,11.65999984741211,11.638895988464355,45170242
2025-01-16,11.609999656677246,11.670000076293945,11.239999771118164,11.380000114440918,11.359402656555176,31832400
2025-01-17,11.489999771118164,11.649999618530273,11.039999961853027,11.15999984741211,11.139801025390625,22772500
2025-01-20,11.420000076293945,11.449999809265137,10.850000381469727,10.9399995803833,10.920198440551758,18396700
2025-01-21,10.949999809265137,11.130000114440918,10.710000038146973,10.84000015258789,10.820380210876465,15861200
2025-01-22,10.710000038146973,10.8100004196167,10.350000381469727,10.380000114440918,10.361212730407715,15453300
2025-01-23,10.460000038146973,11.550000190734863,10.460000038146973,10.569999694824219,10.550868034362793,25198030
2025-01-24,10.699999809265137,11.319999694824219,10.329999923706055,11.199999809265137,11.179728507995605,25506710
2025-01-27,11.539999961853027,11.699999809265137,10.8100004196167,10.84000015258789,10.820380210876465,21543870
2025-02-05,11,11.199999809265137,10.84000015258789,10.9399995803833,10.920198440551758,15332180
2025-02-06,10.84000015258789,11.210000038146973,10.680000305175781,11.199999809265137,11.179728507995605,18226020
2025-02-07,11.100000381469727,11.510000228881836,11.069999694824219,11.270000457763672,11.249602317810059,20846335
2025-02-10,11.460000038146973,12.300000190734863,11.350000381469727,12.140000343322754,12.118027687072754,31214065
2025-02-11,12.020000457763672,12.380000114440918,11.770000457763672,12.029999732971191,12.00822639465332,27935399
2025-02-12,12.029999732971191,12.0600004196167,11.84000015258789,12.0600004196167,12.038172721862793,17288313
2025-02-13,12.180000305175781,12.890000343322754,12.010000228881836,12.890000343322754,12.866669654846191,41803264
2025-02-14,12.850000381469727,12.850000381469727,12.170000076293945,12.239999771118164,12.217845916748047,32411452
2025-02-17,12,12.34000015258789,11.770000457763672,12.229999542236328,12.207863807678223,23031400
2025-02-18,12.109999656677246,12.109999656677246,11.199999809265137,11.239999771118164,11.219655990600586,23894073
2025-02-19,11.109999656677246,11.449999809265137,11.029999732971191,11.430000305175781,11.40931224822998,13886150
2025-02-20,11.40999984741211,11.880000114440918,11.40999984741211,11.6899995803833,11.668841361999512,17135570
2025-02-21,11.739999771118164,11.869999885559082,11.5,11.850000381469727,11.82855224609375,15928609
2025-02-24,11.75,11.770000457763672,11.5,11.699999809265137,11.678823471069336,12535180
2025-02-25,11.609999656677246,11.899999618530273,11.359999656677246,11.609999656677246,11.58898639678955,12523108
2025-02-26,11.800000190734863,11.949999809265137,11.529999732971191,11.65999984741211,11.638895988464355,13876900
2025-02-27,11.619999885559082,11.880000114440918,11.220000267028809,11.4399995803833,11.419293403625488,15894270
2025-02-28,11.350000381469727,11.369999885559082,10.579999923706055,10.65999984741211,10.640706062316895,15626470
2025-03-03,10.65999984741211,11,10.510000228881836,10.819999694824219,10.800415992736816,9615350
2025-03-04,10.760000228881836,10.979999542236328,10.65999984741211,10.949999809265137,10.930180549621582,8056600
2025-03-05,10.899999618530273,11.109999656677246,10.75,11.029999732971191,11.010035514831543,7345100
2025-03-06,11.0600004196167,11.75,11.039999961853027,11.59000015258789,11.569023132324219,16359545
2025-03-07,11.550000190734863,11.770000457763672,11.390000343322754,11.510000228881836,11.489167213439941,13458935
2025-03-10,11.460000038146973,11.550000190734863,11.199999809265137,11.3100004196167,11.289529800415039,8420400
2025-03-11,11.149999618530273,11.289999961853027,10.979999542236328,11.130000114440918,11.109855651855469,8709300
2025-03-12,11.229999542236328,11.300000190734863,11.119999885559082,11.140000343322754,11.119837760925293,7535800
2025-03-13,11.140000343322754,11.149999618530273,10.720000267028809,10.90999984741211,10.890253067016602,8067001
2025-03-14,10.880000114440918,11.84000015258789,10.8100004196167,11.720000267028809,11.698787689208984,20164359
2025-03-17,12.140000343322754,12.199999809265137,11.399999618530273,11.420000076293945,11.399330139160156,17533000
2025-03-18,11.460000038146973,11.529999732971191,11.180000305175781,11.239999771118164,11.219655990600586,10721080
2025-03-19,11.239999771118164,11.25,10.989999771118164,11.039999961853027,11.020017623901367,7883800
2025-03-20,11.010000228881836,11.229999542236328,10.920000076293945,10.989999771118164,10.970108032226562,8157400
2025-03-21,10.930000305175781,10.970000267028809,10.739999771118164,10.75,10.73054313659668,7509500
2025-03-24,10.75,10.779999732971191,10.149999618530273,10.460000038146973,10.441067695617676,8690380
2025-03-25,10.449999809265137,10.470000267028809,10.220000267028809,10.300000190734863,10.281357765197754,4873400
2025-03-26,10.300000190734863,10.489999771118164,10.25,10.4399995803833,10.421103477478027,4047800
2025-03-27,10.390000343322754,10.569999694824219,10.25,10.399999618530273,10.381175994873047,4732780
2025-03-28,10.430000305175781,10.430000305175781,10.199999809265137,10.229999542236328,10.2114839553833,4742600
2025-03-31,10.25,10.25,9.899999618530273,10.09000015258789,10.071737289428711,6051800
2025-04-01,10.180000305175781,10.279999732971191,10.069999694824219,10.109999656677246,10.091700553894043,4029065
2025-04-02,10.09000015258789,10.279999732971191,10.0600004196167,10.069999694824219,10.051773071289062,3779500
2025-04-03,10,10.199999809265137,9.949999809265137,10.119999885559082,10.101683616638184,3960600
2025-04-07,9.420000076293945,9.630000114440918,8.119999885559082,8.380000114440918,8.364832878112793,14875420
2025-04-08,8.430000305175781,9.079999923706055,8.430000305175781,8.680000305175781,8.664289474487305,10285878
2025-04-09,8.510000228881836,9.029999732971191,7.920000076293945,8.930000305175781,8.913837432861328,10466830
2025-04-10,9.170000076293945,9.420000076293945,9.109999656677246,9.199999809265137,9.183348655700684,7070340
2025-04-11,9.0600004196167,9.329999923706055,9.0600004196167,9.170000076293945,9.153402328491211,5473400
2025-04-14,9.300000190734863,9.9399995803833,9.300000190734863,9.520000457763672,9.502769470214844,8888500
2025-04-15,9.5,9.789999961853027,9.380000114440918,9.510000228881836,9.49278736114502,6367500
2025-04-16,9.430000305175781,9.619999885559082,9.1899995803833,9.319999694824219,9.303131103515625,6711700
2025-04-17,9.260000228881836,11.180000305175781,9.220000267028809,11.180000305175781,11.159765243530273,28387040
2025-04-18,10.899999618530273,11.069999694824219,10.430000305175781,10.550000190734863,10.530904769897461,38528161
2025-04-21,10.539999961853027,10.770000457763672,10.260000228881836,10.680000305175781,10.660670280456543,25239061
2025-04-22,10.65999984741211,10.75,10.380000114440918,10.380000114440918,10.361212730407715,18965322
2025-04-23,10.430000305175781,10.5600004196167,10.3100004196167,10.319999694824219,10.301321029663086,12729470
2025-04-24,10.279999732971191,10.449999809265137,10.010000228881836,10.09000015258789,10.071737289428711,12524300
2025-04-25,10.109999656677246,10.220000267028809,10,10.039999961853027,10.021827697753906,8965200
2025-04-28,10.050000190734863,10.619999885559082,10.010000228881836,10.420000076293945,10.401140213012695,18930440
2025-04-29,10.260000228881836,10.4399995803833,10.180000305175781,10.239999771118164,10.221466064453125,11155100
2025-04-30,10.180000305175781,10.6899995803833,10.149999618530273,10.600000381469727,10.580815315246582,18109540
2025-05-06,10.539999961853027,10.75,10.510000228881836,10.729999542236328,10.710578918457031,17031500
2025-05-07,10.789999961853027,10.90999984741211,10.479999542236328,10.640000343322754,10.620742797851562,12925310
2025-05-08,10.539999961853027,10.739999771118164,10.479999542236328,10.710000038146973,10.6906156539917,10883900
2025-05-09,10.739999771118164,10.739999771118164,10.5,10.520000457763672,10.500959396362305,7807945
2025-05-12,10.609999656677246,10.720000267028809,10.510000228881836,10.619999885559082,10.600778579711914,9123385
2025-05-13,10.710000038146973,10.920000076293945,10.520000457763672,10.59000015258789,10.570833206176758,12777539
2025-05-14,10.520000457763672,10.670000076293945,10.380000114440918,10.630000114440918,10.610760688781738,11287230
2025-05-15,10.649999618530273,11.449999809265137,10.59000015258789,10.930000305175781,10.91021728515625,31438740
2025-05-16,10.770000457763672,11.5,10.5,11.329999923706055,11.309493064880371,31058085
2025-05-19,11.34000015258789,11.479999542236328,11.109999656677246,11.390000343322754,11.369384765625,22161257
2025-05-20,11.369999885559082,11.920000076293945,11.260000228881836,11.920000076293945,11.898425102233887,28783600
2025-05-21,11.899999618530273,11.949999809265137,11.449999809265137,11.520000457763672,11.499149322509766,20405922
2025-05-22,11.420000076293945,11.59000015258789,11.149999618530273,11.239999771118164,11.219655990600586,14924360
2025-05-23,11.119999885559082,11.119999885559082,10.859999656677246,10.880000114440918,10.860307693481445,12013300
2025-05-26,11,11.09000015258789,10.800000190734863,11.09000015258789,11.069928169250488,10290400
2025-05-27,11.069999694824219,11.09000015258789,10.8100004196167,11.020000457763672,11.000054359436035,9676300
2025-05-28,11.010000228881836,11.010000228881836,10.630000114440918,10.819999694824219,10.800415992736816,9160630
2025-05-29,10.8100004196167,11.119999885559082,10.739999771118164,11.050000190734863,11.029999732971191,9099200
2025-05-30,10.970000267028809,11.260000228881836,10.699999809265137,10.699999809265137,10.680633544921875,9126000
2025-06-03,10.579999923706055,10.970000267028809,10.579999923706055,10.710000038146973,10.6906156539917,7125600
2025-06-04,10.539999961853027,10.600000381469727,10.239999771118164,10.279999732971191,10.261393547058105,14571649
2025-06-05,10.260000228881836,10.630000114440918,10.239999771118164,10.59000015258789,10.570833206176758,11600300
2025-06-06,10.569999694824219,10.609999656677246,10.399999618530273,10.460000038146973,10.441067695617676,6343700
2025-06-09,10.5,10.789999961853027,10.460000038146973,10.739999771118164,10.720561027526855,6329000
2025-06-10,10.699999809265137,10.789999961853027,10.420000076293945,10.619999885559082,10.600778579711914,7260290
2025-06-11,10.600000381469727,11.579999923706055,10.600000381469727,11.1899995803833,11.169746398925781,30037300
2025-06-12,11.140000343322754,11.390000343322754,11.010000228881836,11.319999694824219,11.299510955810547,23341400
2025-06-13,11.1899995803833,11.279999732971191,10.729999542236328,10.760000228881836,10.740525245666504,15824100
2025-06-16,10.65999984741211,11.0600004196167,10.65999984741211,11.050000190734863,11.029999732971191,9966400
2025-06-17,10.979999542236328,11.079999923706055,10.779999732971191,10.829999923706055,10.829999923706055,7306300
2025-06-18,10.800000190734863,10.819999694824219,10.529999732971191,10.65999984741211,10.65999984741211,5893800
2025-06-19,10.710000038146973,10.75,10.449999809265137,10.460000038146973,10.460000038146973,6912400
2025-06-20,10.569999694824219,10.569999694824219,10.229999542236328,10.239999771118164,10.239999771118164,6016600
2025-06-23,10.149999618530273,10.359999656677246,10.119999885559082,10.329999923706055,10.329999923706055,4372700
2025-06-24,10.619999885559082,11,10.539999961853027,10.789999961853027,10.789999961853027,14065300
2025-06-25,10.869999885559082,11.039999961853027,10.649999618530273,10.819999694824219,10.819999694824219,10460849
2025-06-26,10.770000457763672,10.899999618530273,10.619999885559082,10.720000267028809,10.720000267028809,8537649
2025-06-27,10.739999771118164,10.869999885559082,10.65999984741211,10.779999732971191,10.779999732971191,6256500
2025-06-30,10.779999732971191,11.029999732971191,10.729999542236328,11,11,8381000
2025-07-01,11,11.0600004196167,10.760000228881836,10.890000343322754,10.890000343322754,7946000
2025-07-02,10.869999885559082,10.869999885559082,10.65999984741211,10.770000457763672,10.770000457763672,5377500
2025-07-03,10.729999542236328,10.84000015258789,10.649999618530273,10.75,10.75,4638400
2025-07-04,10.6899995803833,10.729999542236328,10.460000038146973,10.579999923706055,10.579999923706055,5984600
2025-07-07,10.579999923706055,11.210000038146973,10.579999923706055,11.010000228881836,11.010000228881836,15646200
2025-07-08,10.989999771118164,11.600000381469727,10.899999618530273,11.359999656677246,11.359999656677246,21431200
2025-07-09,11.149999618530273,11.369999885559082,11.100000381469727,11.239999771118164,11.239999771118164,16159449
2025-07-10,11.270000457763672,11.289999961853027,11.100000381469727,11.15999984741211,11.15999984741211,9142700
2025-07-11,11.220000267028809,11.229999542236328,11.010000228881836,11.09000015258789,11.09000015258789,7364500
2025-07-14,11.119999885559082,11.199999809265137,10.949999809265137,11.050000190734863,11.050000190734863,5841748
2025-07-15,11.050000190734863,11.09000015258789,10.829999923706055,11.039999961853027,11.039999961853027,6040800
2025-07-16,11.029999732971191,11.229999542236328,10.989999771118164,11.079999923706055,11.079999923706055,7069400
2025-07-17,11.029999732971191,11.1899995803833,10.90999984741211,11.15999984741211,11.15999984741211,6227600
2025-07-18,11.1899995803833,11.25,11.020000457763672,11.039999961853027,11.039999961853027,5823900
2025-07-21,11.029999732971191,11.239999771118164,10.970000267028809,11.239999771118164,11.239999771118164,7025600
2025-07-22,11.239999771118164,11.25,10.949999809265137,11.020000457763672,11.020000457763672,8705300
2025-07-23,11.119999885559082,11.119999885559082,10.890000343322754,10.90999984741211,10.90999984741211,6391800
2025-07-24,10.850000381469727,11.039999961853027,10.850000381469727,11.029999732971191,11.029999732971191,5465200
2025-07-25,11.020000457763672,11.25,10.979999542236328,11.15999984741211,11.15999984741211,9567990
2025-07-28,11.15999984741211,11.229999542236328,11.069999694824219,11.1899995803833,11.1899995803833,6692900
2025-07-29,11.1899995803833,11.1899995803833,11,11.180000305175781,11.180000305175781,6330500
2025-07-30,11.170000076293945,11.40999984741211,11.079999923706055,11.350000381469727,11.350000381469727,12291100
2025-07-31,11.350000381469727,11.729999542236328,11.239999771118164,11.479999542236328,11.479999542236328,21387108
2025-08-01,11.510000228881836,11.75,11.34000015258789,11.640000343322754,11.640000343322754,18642900
2025-08-04,11.539999961853027,11.569999694824219,11.279999732971191,11.529999732971191,11.529999732971191,10395500
2025-08-05,11.529999732971191,11.619999885559082,11.380000114440918,11.609999656677246,11.609999656677246,9901000
2025-08-06,11.569999694824219,11.670000076293945,11.529999732971191,11.65999984741211,11.65999984741211,10254400
2025-08-07,11.670000076293945,11.680000305175781,11.470000267028809,11.5,11.5,8893130
2025-08-08,11.470000267028809,11.520000457763672,11.220000267028809,11.329999923706055,11.329999923706055,7392200
2025-08-11,11.359999656677246,11.920000076293945,11.300000190734863,11.789999961853027,11.789999961853027,14064200
2025-08-12,11.800000190734863,11.949999809265137,11.65999984741211,11.859999656677246,11.859999656677246,11723800
2025-08-13,11.8100004196167,11.880000114440918,11.6899995803833,11.739999771118164,11.739999771118164,8304700
2025-08-14,11.770000457763672,11.789999961853027,11.460000038146973,11.470000267028809,11.470000267028809,8463500
2025-08-15,11.460000038146973,11.619999885559082,11.460000038146973,11.619999885559082,11.619999885559082,6419850
2025-08-18,11.65999984741211,12,11.65999984741211,11.829999923706055,11.829999923706055,10873500
2025-08-19,11.84000015258789,11.949999809265137,11.680000305175781,11.930000305175781,11.930000305175781,8258100
2025-08-20,11.949999809265137,12.079999923706055,11.800000190734863,12.029999732971191,12.029999732971191,8801900
2025-08-21,12.079999923706055,12.34000015258789,11.970000267028809,12.039999961853027,12.039999961853027,11147421
2025-08-22,12.149999618530273,12.15999984741211,11.979999542236328,12.09000015258789,12.09000015258789,7873300
2025-08-25,12.130000114440918,12.1899995803833,11.84000015258789,11.930000305175781,11.930000305175781,9070500
2025-08-26,11.890000343322754,12.100000381469727,11.800000190734863,11.949999809265137,11.949999809265137,6593800
2025-08-27,12,12.1899995803833,11.479999542236328,11.5,11.5,9368300
2025-08-28,11.510000228881836,11.699999809265137,10.960000038146973,11.40999984741211,11.40999984741211,11694400
2025-08-29,11.579999923706055,12.199999809265137,11.479999542236328,11.630000114440918,11.630000114440918,20174800
2025-09-01,11.640000343322754,12.149999618530273,11.630000114440918,11.90999984741211,11.90999984741211,15242700
2025-09-02,11.84000015258789,11.989999771118164,11.40999984741211,11.600000381469727,11.600000381469727,9795700
2025-09-03,11.609999656677246,11.850000381469727,11.300000190734863,11.34000015258789,11.34000015258789,9908340
2025-09-04,11.34000015258789,11.579999923706055,11.010000228881836,11.220000267028809,11.220000267028809,9030140
2025-09-05,11.260000228881836,11.609999656677246,11.119999885559082,11.609999656677246,11.609999656677246,7451408
2025-09-08,11.609999656677246,11.760000228881836,11.520000457763672,11.729999542236328,11.729999542236328,7078700
2025-09-09,11.65999984741211,13.600000381469727,11.550000190734863,13.010000228881836,13.010000228881836,35862583
2025-09-10,13.3100004196167,14.640000343322754,13.020000457763672,13.289999961853027,13.289999961853027,49534331
2025-09-11,13.100000381469727,13.100000381469727,12.5,12.800000190734863,12.800000190734863,35635466
2025-09-12,13,13.800000190734863,12.359999656677246,12.460000038146973,12.460000038146973,38030806
2025-09-15,12.619999885559082,14,12.420000076293945,13.800000190734863,13.800000190734863,46141222
2025-09-16,13.3100004196167,13.5,13.130000114440918,13.210000038146973,13.210000038146973,33119582
2025-09-17,13.140000343322754,13.460000038146973,12.859999656677246,13.069999694824219,13.069999694824219,24498829
2025-09-18,13,13.539999961853027,12.859999656677246,13.5,13.5,30448323
2025-09-19,13.25,13.260000228881836,12.569999694824219,12.710000038146973,12.710000038146973,22281210
2025-09-22,12.260000228881836,12.260000228881836,11.5,11.720000267028809,11.720000267028809,22044006
2025-09-23,11.5,11.710000038146973,11.010000228881836,11.539999961853027,11.539999961853027,16152477
2025-09-24,11.430000305175781,11.649999618530273,11.180000305175781,11.600000381469727,11.600000381469727,11335434
2025-09-25,11.529999732971191,12.100000381469727,11.369999885559082,11.800000190734863,11.800000190734863,14465182
2025-09-26,11.649999618530273,12.050000190734863,11.449999809265137,11.850000381469727,11.850000381469727,11386184
2025-09-29,11.680000305175781,11.859999656677246,11.539999961853027,11.609999656677246,11.609999656677246,7740100
2025-09-30,11.800000190734863,11.819999694824219,11.430000305175781,11.4399995803833,11.4399995803833,7082100
2025-10-09,11.430000305175781,11.579999923706055,11.199999809265137,11.350000381469727,11.350000381469727,7716943
2025-10-10,11.270000457763672,11.520000457763672,11.25,11.390000343322754,11.390000343322754,5326000
2025-10-13,10.800000190734863,11.229999542236328,10.670000076293945,11.15999984741211,11.15999984741211,7132808
2025-10-14,11.3100004196167,11.380000114440918,11,11.010000228881836,11.010000228881836,6517700
2025-10-15,11.029999732971191,11.260000228881836,10.90999984741211,11.199999809265137,11.199999809265137,4692100
2025-10-16,11.1899995803833,11.239999771118164,11.010000228881836,11.039999961853027,11.039999961853027,4107100
2025-10-17,10.9399995803833,11.109999656677246,10.720000267028809,10.729999542236328,10.729999542236328,5284800
2025-10-20,10.800000190734863,10.989999771118164,10.800000190734863,10.960000038146973,10.960000038146973,4349200
2025-10-21,10.920000076293945,11.289999961853027,10.920000076293945,11.289999961853027,11.289999961853027,5851651
2025-10-22,11.25,11.380000114440918,11.1899995803833,11.229999542236328,11.229999542236328,4249700
2025-10-23,11.229999542236328,11.3100004196167,11.0600004196167,11.289999961853027,11.289999961853027,3879100
2025-10-24,11.289999961853027,11.380000114440918,11.220000267028809,11.300000190734863,11.300000190734863,4029255
2025-10-27,11.329999923706055,11.359999656677246,11.199999809265137,11.289999961853027,11.289999961853027,4839000