Date,Open,High,Low,Close,Adj Close,Volume
2023-10-26,11.75,11.880000114440918,11.5,11.75,11.75,29759
2023-10-27,11.75,11.5,11.5,11.75,11.75,670
2023-10-30,11.75,12.390000343322754,11.050000190734863,11.75,11.75,127127
2023-10-31,11.75,12.300000190734863,11,11.5,11.5,55318
2023-11-01,11.5,11.649999618530273,11.125,11.5,11.5,28811
2023-11-02,11.5,11.5,10.225000381469727,10.75,10.75,59357
2023-11-03,10.75,11.5,10,10.75,10.75,3052
2023-11-06,10.75,10.359999656677246,10,10.25,10.25,68099
2023-11-07,10.25,10.4399995803833,10.348999977111816,10.25,10.25,48863
2023-11-08,10.25,10.4399995803833,10.074999809265137,10.25,10.25,1903
2023-11-09,10.25,10.4399995803833,9.550000190734863,9.75,9.75,249315
2023-11-10,10,10.380000114440918,9.5,10,10,23585
2023-11-13,10,10.199999809265137,9.5,10,10,21933
2023-11-14,9.75,9.75,9.75,9.75,9.75,0
2023-11-15,9.75,10,9.5,9.75,9.75,6381
2023-11-16,9.75,9.90999984741211,9.5,9.75,9.75,471
2023-11-17,9.75,11,9.600000381469727,10.5,10.5,110628
2023-11-20,10.5,10.829999923706055,10.12399959564209,10.5,10.5,22136
2023-11-21,10.5,10.5,10.5,10.5,10.5,0
2023-11-22,10.5,10.5,9.5,10,10,88809
2023-11-23,10,10.5,10.399999618530273,10.25,10.25,27457
2023-11-24,10.25,10.125,10.005000114440918,10.25,10.25,52039
2023-11-27,10.25,10.387999534606934,9.5,10,10,116153
2023-11-28,10,10.175000190734863,9.557000160217285,10,10,65915
2023-11-29,10,10.5,9.5,9.75,9.75,76607
2023-11-30,9.75,10,10,9.75,9.75,39
2023-12-01,10.25,10,9.5,9.75,9.75,46112
2023-12-04,9.75,9.75,9.75,9.75,9.75,1108
2023-12-05,9.75,9.75,9.5,9.75,9.75,17500
2023-12-06,9.75,10.748000144958496,9.5,10,10,239054
2023-12-07,10,10.5,10,10.25,10.25,44444
2023-12-08,10.25,10.423999786376953,10,10,10,120085
2023-12-11,10,9.989999771118164,9.609999656677246,9.75,9.75,17291
2023-12-12,9.75,9.574999809265137,9.5,9.75,9.75,5738
2023-12-13,9.75,10,9.5,9.75,9.75,17328
2023-12-14,9.75,9.550000190734863,9.53499984741211,9.75,9.75,36018
2023-12-15,9.75,9.75,9.75,9.75,9.75,0
2023-12-18,9.75,10,9.5,9.75,9.75,831
2023-12-19,9.75,9.75,9.75,9.75,9.75,0
2023-12-20,9.75,10,9.5,9.75,9.75,20038
2023-12-21,9.75,9.5,9.5,9.75,9.75,85
2023-12-22,9.75,9.699999809265137,9.5,9.75,9.75,10342
2023-12-27,9.75,10.449999809265137,9.319999694824219,10,10,178827
2023-12-28,10,13,9.319999694824219,12.5,12.5,363878
2023-12-29,12.5,13.5,12,13.25,13.25,37311
2024-01-02,13,16,13.5,15,15,330952
2024-01-03,15,16,14,15,15,99338
2024-01-04,15,16,14,15,15,148321
2024-01-05,15,14.970999717712402,14,13.75,13.75,173861
2024-01-08,13.75,13.949999809265137,13,13.5,13.5,192888
2024-01-09,13.5,13.545000076293945,13,13.5,13.5,37685
2024-01-10,13.25,14.5,12.687999725341797,13.5,13.5,400113
2024-01-11,13.5,14.800000190734863,13.25,14,14,556954
2024-01-12,14,14.149999618530273,12.649999618530273,13,13,98309
2024-01-15,12.164999961853027,12.845000267028809,12.164999961853027,12.5,12.5,41996
2024-01-16,12.75,12.15999984741211,12,12.25,12.25,65501
2024-01-17,12.25,12.125,12.125,12.25,12.25,429
2024-01-18,12.25,12,11,11.25,11.25,111168
2024-01-19,11.25,11.333000183105469,11,11.25,11.25,80461
2024-01-22,11.25,11.984999656677246,10.5,11.5,11.5,81334
2024-01-23,11.5,12.5,11.223999977111816,12,12,102293
2024-01-24,12,12.489999771118164,12.390000343322754,12,12,7532
2024-01-25,12,12.5,11.5,12,12,818
2024-01-26,12,11.949999809265137,11.267999649047852,11.5,11.5,4085
2024-01-29,11.5,11.333000183105469,11.333000183105469,11.5,11.5,5000
2024-01-30,11.5,12,11,11.5,11.5,17743
2024-01-31,11.5,11.5,11.5,11.5,11.5,0
2024-02-01,11.5,11.890000343322754,11.109999656677246,11.5,11.5,46692
2024-02-02,11.5,12,10.5,11.25,11.25,232820
2024-02-05,11.25,11.550000190734863,10.779999732971191,11.25,11.25,183075
2024-02-06,11.25,12.954999923706055,11,12.25,12.25,112521
2024-02-07,12.25,12.930000305175781,12.168999671936035,12.5,12.5,32133
2024-02-08,12.5,13,12.300000190734863,12.5,12.5,2124
2024-02-09,12.5,12.470000267028809,11.744999885559082,11.75,11.75,296788
2024-02-12,11.75,11.944999694824219,11.75,11.75,11.75,148177
2024-02-13,11.75,13,11.5,12.5,12.5,266637
2024-02-14,12.5,14,12.5,13.25,13.25,82075
2024-02-15,13.25,14,13.90999984741211,13.25,13.25,732
2024-02-16,13.25,13.050999641418457,12.5,12.75,12.75,239741
2024-02-19,12.75,12.579999923706055,12,12.5,12.5,81853
2024-02-20,12.5,13.399999618530273,11.694999694824219,13.25,13.25,245739
2024-02-21,13.25,14.222000122070312,13,13.5,13.5,168800
2024-02-22,13.5,14,13.279999732971191,13.5,13.5,36570
2024-02-23,13.5,14.449999809265137,13.5,14,14,14356
2024-02-26,14,14.5,13,13.5,13.5,229190
2024-02-27,13.5,13.5,13,13.25,13.25,128303
2024-02-28,13.25,13.5,12.5,12.75,12.75,21225
2024-02-29,12.75,13.625,12.779999732971191,13.25,13.25,94617
2024-03-01,13.25,13.444000244140625,12.680000305175781,13.25,13.25,5714
2024-03-04,13.25,14,12.5,13.25,13.25,108370
2024-03-05,13.25,14,12.5,13,13,92063
2024-03-06,13,12.5,12.5,12.75,12.75,10000
2024-03-07,12.75,12.779999732971191,12.01099967956543,12.5,12.5,3107
2024-03-08,12.5,12,12,12.5,12.5,345
2024-03-11,12.5,13,11.5,12.5,12.5,95538
2024-03-12,12.5,12.9399995803833,11.75,11.75,11.75,124733
2024-03-13,12.5,13,12,12.25,12.25,54773
2024-03-14,12.25,13,11.5,12.5,12.5,69788
2024-03-15,12.5,13.239999771118164,12.25,12.5,12.5,156730
2024-03-18,12.5,12.869999885559082,12.210000038146973,12.5,12.5,39302
2024-03-19,12.5,12.0649995803833,12.060999870300293,12.5,12.5,15000
2024-03-20,12.5,12.619999885559082,11.5,12.25,12.25,6630
2024-03-21,12.25,12.595000267028809,11.65999984741211,12.25,12.25,32367
2024-03-22,12.25,12.539999961853027,11.5,12.25,12.25,27780
2024-03-25,12.25,12.494999885559082,11.5,12.25,12.25,35664
2024-03-26,12.25,11.663999557495117,11.5,12.25,12.25,524951
2024-03-27,12.25,11.619999885559082,11.5,12.25,12.25,7546
2024-03-28,12.25,12.460000038146973,11.5,12.25,12.25,37336
2024-04-02,12.25,13,11.5,12,12,196287
2024-04-03,12,12,11,11.25,11.25,55115
2024-04-04,11.25,11.899999618530273,10.979999542236328,11.5,11.5,87987
2024-04-05,11.5,12,11,11.5,11.5,9221
2024-04-08,11.5,12,10.979999542236328,11.25,11.25,30914
2024-04-09,11.25,12,10.100000381469727,10.5,10.5,427701
2024-04-10,10.5,10.8100004196167,9.800000190734863,10.5,10.5,49675
2024-04-11,10.5,10.777000427246094,10.770000457763672,10.5,10.5,27701
2024-04-12,10.5,11.380000114440918,10,10,10,145453
2024-04-15,10.75,11.380000114440918,10.326000213623047,10.75,10.75,11858
2024-04-16,10.75,11,10,10.5,10.5,20
2024-04-17,10.5,11.34000015258789,10,10.75,10.75,255985
2024-04-18,10.75,11.5,10,10.75,10.75,22393
2024-04-19,10.75,11.5,10,10.75,10.75,9724
2024-04-22,10.75,10.22599983215332,10,10.75,10.75,11005
2024-04-23,10.75,11,10,10.5,10.5,52829
2024-04-24,10.25,10.371000289916992,10,10,10,83118
2024-04-25,10,10,10,10,10,0
2024-04-26,10,10.156000137329102,9.5,10,10,206629
2024-04-29,10,10,9.5,9.75,9.75,91724
2024-04-30,9.75,10.489999771118164,9.868000030517578,10,10,76907
2024-05-01,10,10.5,9.5,10,10,5128
2024-05-02,10,9.800000190734863,9.800000190734863,10,10,10000
2024-05-03,10,10,10,10,10,0
2024-05-07,10,10,10,10,10,0
2024-05-08,10,10.5,9.600000381469727,10,10,61998
2024-05-09,10,10.5,9.5,10,10,3064
2024-05-10,10,9.675000190734863,9.675000190734863,10,10,4417
2024-05-13,10,10.223999977111816,9.600000381469727,10,10,7418
2024-05-14,10,10.5,9.649999618530273,9.75,9.75,38656
2024-05-15,9.75,9.75,9.175000190734863,9.25,9.25,107494
2024-05-16,9.25,9.34000015258789,9.125,9.25,9.25,60346
2024-05-17,9.25,9.470000267028809,9.295000076293945,9.25,9.25,26483
2024-05-20,9.25,10,8.819999694824219,9,9,20835
2024-05-21,9,9.899999618530273,9.699999809265137,9.5,9.5,80761
2024-05-22,9.5,11.333000183105469,9.75100040435791,11.25,11.25,457217
2024-05-23,11.25,12,11,11.800000190734863,11.800000190734863,289324
2024-05-24,11.375,11.75,11,11.375,11.375,26337
2024-05-28,11.375,11.75,11,11.375,11.375,26060
2024-05-29,11.375,11.75,11,11.375,11.375,21971
2024-05-30,11.375,12.899999618530273,11,12.375,12.375,218041
2024-05-31,11.875,12.75,11.220000267028809,11.375,11.375,143877
2024-06-03,11.375,12,11.588000297546387,11.5,11.5,22120
2024-06-04,11.5,12,11,11.375,11.375,131337
2024-06-05,11.25,11.456000328063965,10.65999984741211,11,11,160281
2024-06-06,11,11.36400032043457,10.677000045776367,11,11,46103
2024-06-07,11,11.5,11.309000015258789,11,11,70526
2024-06-10,11,11.5,9,9.75,9.75,641445
2024-06-11,9.75,12,9.850000381469727,10.75,10.75,223638
2024-06-12,10.75,10.9399995803833,10,10.75,10.75,591
2024-06-13,10.75,11.5,10,10.75,10.75,88983
2024-06-14,10.75,11.5,10,10.25,10.25,76887
2024-06-17,10.25,10.333000183105469,10,10.25,10.25,74207
2024-06-18,10.25,10.222000122070312,10,10.25,10.25,56399
2024-06-19,10.25,10.5,10,10.25,10.25,54539
2024-06-20,10.25,10.475000381469727,10,10.25,10.25,79
2024-06-21,10.25,10.484999656677246,10,10.25,10.25,67775
2024-06-24,10.25,10.494999885559082,10.079999923706055,10.25,10.25,63933
2024-06-25,10.25,10.055000305175781,10,10.25,10.25,49887
2024-06-26,10.25,10.4350004196167,10,10.25,10.25,9382
2024-06-27,10.25,10.013999938964844,10.013999938964844,10.25,10.25,15
2024-06-28,10.25,10.5,10,10.25,10.25,79679
2024-07-01,10.25,10.3100004196167,9.550999641418457,10,10,11772
2024-07-02,10,10.5,10.5,10,10,4
2024-07-03,10,9.5,9.5,10,10,83
2024-07-04,10,9.529999732971191,9.5,10,10,2047
2024-07-05,10,9.550999641418457,9.550999641418457,10,10,400
2024-07-08,10,10.3100004196167,9.550999641418457,10,10,20600
2024-07-09,10,10.27400016784668,9.5,10,10,18029
2024-07-10,10,10.244999885559082,9.5,10,10,21255
2024-07-11,10,10.100000381469727,9.600000381469727,10,10,3927
2024-07-12,10,10.079999923706055,9.5,9.75,9.75,16639
2024-07-15,9.75,10.100000381469727,8.819999694824219,9.75,9.75,21594
2024-07-16,9.75,10,9.149999618530273,9.5,9.5,34248
2024-07-17,9.5,10,9,9.5,9.5,50231
2024-07-18,9.5,9.618000030517578,9,9.5,9.5,86152
2024-07-19,9.75,10.4350004196167,9.5,10,10,121122
2024-07-22,9.75,10.375,9.5,10,10,20099
2024-07-23,9.75,10.359000205993652,9.520000457763672,10,10,9925
2024-07-24,9.75,9.5,9.5,10,10,14
2024-07-25,9.75,10.329999923706055,9.319999694824219,10,10,4103
2024-07-26,10,10,10,10,10,0
2024-07-29,9.75,9.699999809265137,9.100000381469727,9.75,9.75,189551
2024-07-30,9.5,9.5,9.5,9.5,9.5,0
2024-07-31,9.5,9.5,9.5,9.5,9.5,0
2024-08-01,9.75,9.829999923706055,9.829999923706055,9.5,9.5,2401
2024-08-02,9.75,10,9,9.25,9.25,121331
2024-08-05,9,9.5,8.100000381469727,8.75,8.75,44229
2024-08-06,9,9,8.34000015258789,8.5,8.5,16387
2024-08-07,8.75,9.5,8,9,9,78528
2024-08-08,9,9,9,9,9,0
2024-08-09,8.75,9.5,8.5,9.25,9.25,151761
2024-08-12,9.25,9.5,9,9.25,9.25,202766
2024-08-13,9.25,9.5,9.204999923706055,9.25,9.25,58576
2024-08-14,9.25,10.395000457763672,9,9.75,9.75,160676
2024-08-15,10,11.199999809265137,9.71399974822998,11.199999809265137,11.199999809265137,324284
2024-08-16,10.75,12,10,11.5,11.5,217286
2024-08-19,11.5,12,11.274999618530273,11.5,11.5,70165
2024-08-20,11.5,12,11,11,11,77751
2024-08-21,11,10.666000366210938,10.5,11,11,31126
2024-08-22,11,11.5,10.600000381469727,11,11,47658
2024-08-23,11,11.5,10.5,11,11,24425
2024-08-27,11,10.899999618530273,10.5,10.5,10.5,10680
2024-08-28,11,11,11,11,11,0
2024-08-29,11,12,12,11,11,500000
2024-08-30,11,12,10.5,11.25,11.25,116104
2024-09-02,11.25,12,10.5,11.25,11.25,23871
2024-09-03,11.25,12,10.694999694824219,11.5,11.5,43332
2024-09-04,11.25,11.880000114440918,10.5,11.25,11.25,31930
2024-09-05,11.25,12,10.5,11.25,11.25,163357
2024-09-06,11.25,11.100000381469727,10.5,11.25,11.25,460
2024-09-09,11.25,11.925000190734863,10.5,11.25,11.25,7180
2024-09-10,11.25,12,10.5,11.25,11.25,192268
2024-09-11,11.25,12,10.5,11.25,11.25,32348
2024-09-12,11.25,10.949999809265137,10.890000343322754,11.25,11.25,37207
2024-09-13,11.25,12,10.5,11.25,11.25,53812
2024-09-16,11.25,10.5,10.5,11.25,11.25,220
2024-09-17,11.25,10.694999694824219,10.694999694824219,11.25,11.25,12063
2024-09-18,11.25,13.4399995803833,10.5,13,13,434159
2024-09-19,13,14,12.630000114440918,13.5,13.5,26910
2024-09-20,13.5,13.862000465393066,13.5,13.5,13.5,167000
2024-09-23,13.5,13.920000076293945,13,13.75,13.75,131007
2024-09-24,13.75,15.333000183105469,14,14.75,14.75,192031
2024-09-25,14.75,15.260000228881836,14,15,15,121956
2024-09-26,14,15,12.484999656677246,12.5,12.5,798289
2024-09-27,12.5,13.5,12.359999656677246,13.5,13.5,92440
2024-09-30,13.5,14,12.5,13.25,13.25,191397
2024-10-01,13.25,14,12.621999740600586,13.25,13.25,51718
2024-10-02,13.5,12.621999740600586,12.5,13.25,13.25,10070
2024-10-03,13.75,12.621999740600586,12.621999740600586,13.25,13.25,95237
2024-10-04,13.25,13.25,13.25,13.25,13.25,0
2024-10-07,13.25,14,12.5,13,13,15384
2024-10-08,13,13.5,12.265000343322754,12.5,12.5,44015
2024-10-09,12,12.609999656677246,11.225000381469727,12.25,12.25,290392
2024-10-10,12.25,13.5,12,12.75,12.75,72612
2024-10-11,12.75,13.5,13.199999809265137,12.75,12.75,131006
2024-10-14,12.75,13.949999809265137,12.5,13.5,13.5,170672
2024-10-15,13.75,15,14,14.5,14.5,261021
2024-10-16,14.5,15,13.550000190734863,14,14,82215
2024-10-17,14,13.550000190734863,13.550000190734863,14,14,253
2024-10-18,14,15,13,14,14,2538
2024-10-21,14,14.699999809265137,13,14,14,7021
2024-10-22,14,13,13,14,14,32
2024-10-23,14,13.819999694824219,13,13.75,13.75,72948
2024-10-24,14,13.699999809265137,13,14,14,25214
2024-10-25,13.75,14,13.114999771118164,13.25,13.25,123555
2024-10-28,13.25,13.25,13.25,13.25,13.25,0
2024-10-29,13,12.62600040435791,12.5,12.5,12.5,6966
2024-10-30,12.5,12.1899995803833,12,12.75,12.75,2410
2024-10-31,12.75,13.5,12.28499984741211,12.75,12.75,204
2024-11-01,12.75,13.5,12,12.75,12.75,173
2024-11-04,12.75,13.5,12,12.75,12.75,36735
2024-11-05,12.75,12.28499984741211,12,12.5,12.5,11414
2024-11-06,12.5,12,12,12.5,12.5,1908
2024-11-07,12.5,12.055000305175781,12,12.5,12.5,5315
2024-11-08,12.5,13,12,12.5,12.5,5030
2024-11-11,12.5,13,11.75,12.5,12.5,100814
2024-11-12,12.5,12.130000114440918,12,12.5,12.5,6846
2024-11-13,12.5,12.130000114440918,12,12.5,12.5,33903
2024-11-14,12.5,12,12,12.5,12.5,314
2024-11-15,12.5,12,12,12.5,12.5,9
2024-11-18,12.5,13,13,12.5,12.5,123
2024-11-19,12.5,12,12,12.5,12.5,33
2024-11-20,12.5,12.130000114440918,12.100000381469727,12.5,12.5,100000
2024-11-21,12.5,12.050000190734863,11.0600004196167,11.25,11.25,152627
2024-11-22,11.25,12.149999618530273,11.109999656677246,12,12,256138
2024-11-25,12,12.5,12,12.25,12.25,65616
2024-11-26,12.25,12.25,12.25,12.25,12.25,0
2024-11-27,12.25,12.25,12.25,12.25,12.25,0
2024-11-28,12.25,12.5,11.710000038146973,12,12,17532
2024-11-29,12,12.75,11.710000038146973,12,12,13537
2024-12-02,12,12.5,11.5,12,12,18207
2024-12-03,12,11.727999687194824,11.727999687194824,12,12,56
2024-12-04,12,12,11.5,11.5,11.5,104790
2024-12-05,11.5,11.109999656677246,11.109999656677246,11.25,11.25,18787
2024-12-06,11,11,11,11.25,11.25,3
2024-12-09,11.25,11.5,11,11,11,23680
2024-12-10,11.25,11,11,11.25,11.25,43
2024-12-11,11.25,11.25,11.25,11.25,11.25,0
2024-12-12,11.25,11.024999618530273,11,11.25,11.25,1657
2024-12-13,11.25,11,11,11.25,11.25,133
2024-12-16,11.25,11.25,11.25,11.25,11.25,0
2024-12-17,11.25,11.024999618530273,11.024999618530273,11.25,11.25,7013
2024-12-18,11,11,10.5649995803833,11,11,9805
2024-12-19,11,10.5649995803833,10.5649995803833,11,11,2589
2024-12-20,11,10.5649995803833,10.5649995803833,10.75,10.75,2512
2024-12-23,10.75,10.5,10.5,10.75,10.75,87
2024-12-24,10.75,12.335000038146973,10.300000190734863,12,12,155425
2024-12-27,12,13,12,12.5,12.5,28336
2024-12-30,12.5,12.890000343322754,12,12.5,12.5,26384
2024-12-31,12.5,12.5,12.5,12.5,12.5,0
2025-01-02,12.5,13,12,12.5,12.5,24
2025-01-03,12.5,12.178000450134277,12.079999923706055,12.25,12.25,9897
2025-01-06,12.25,12.25,12.25,12.25,12.25,0
2025-01-07,12.5,13.770000457763672,12.819999694824219,13,13,75243
2025-01-08,13,13.5,13.300000190734863,13,13,5016
2025-01-09,13,13,13,13,13,0
2025-01-10,13,13.270000457763672,12.600000381469727,13,13,80610
2025-01-13,13,13.1899995803833,12.890000343322754,13,13,6000
2025-01-14,13.25,16.5,13,16,16,680131
2025-01-15,16,16.5,15.26200008392334,15.5,15.5,88576
2025-01-16,15.5,16,14.5,15.25,15.25,4289
2025-01-17,15.25,16,15.164999961853027,15.25,15.25,35428
2025-01-20,15.25,18,15,17.100000381469727,17.100000381469727,134640
2025-01-21,17.100000381469727,19.184999465942383,16.5,18.5,18.5,317591
2025-01-22,18.5,19,18,18.5,18.5,165307
2025-01-23,18.5,18.261999130249023,18.261999130249023,18.5,18.5,2213
2025-01-24,18.5,18.850000381469727,18.299999237060547,18.5,18.5,92355
2025-01-27,18.5,20.11199951171875,18,19.200000762939453,19.200000762939453,281312
2025-01-28,19.5,20,19,19.5,19.5,177881
2025-01-29,19.5,20.399999618530273,19.5,20.25,20.25,70478
2025-01-30,20.25,21,19.190000534057617,19.5,19.5,53734
2025-01-31,19.5,19.700000762939453,19,19.5,19.5,25391
2025-02-03,19.5,20,18.200000762939453,18.5,18.5,22215
2025-02-04,18.5,18.8799991607666,18.209999084472656,18.5,18.5,5361
2025-02-05,18.5,18.33300018310547,18.209999084472656,18.5,18.5,23497
2025-02-06,18.5,18.209999084472656,18,18.5,18.5,29109
2025-02-07,18.5,18.5,18.5,18.5,18.5,0
2025-02-10,18.5,18,18,18.5,18.5,1978
2025-02-11,18.5,19,17.649999618530273,18.5,18.5,19304
2025-02-12,18.5,19,18,18.5,18.5,8123
2025-02-13,18.5,19,19,18.5,18.5,78
2025-02-14,18.5,19,17,18,18,4520
2025-02-17,18,18.865999221801758,17.420000076293945,18,18,62119
2025-02-18,18,19,17.610000610351562,18,18,2015
2025-02-19,18,17.610000610351562,16.649999618530273,18,18,11222
2025-02-20,18,17.450000762939453,17.450000762939453,18,18,1050
2025-02-21,18,19,17.440000534057617,18,18,11541
2025-02-24,18,19,17.479999542236328,18,18,35125
2025-02-25,18,18,18,18,18,0
2025-02-26,18,17.200000762939453,17.200000762939453,18,18,4000
2025-02-27,18,19,17,18,18,81
2025-02-28,18,18,18,18,18,0
2025-03-03,18,18,17,17.5,17.5,50158
2025-03-04,17.5,17,16.250999450683594,17,17,20101
2025-03-05,17,17,16.0049991607666,16.5,16.5,36566
2025-03-06,16.5,17,16,16.5,16.5,60
2025-03-07,16.5,16,16,16.5,16.5,477
2025-03-10,16.5,17,16,16.5,16.5,21023
2025-03-11,16.5,16.799999237060547,15,16,16,111721
2025-03-12,16,17,15.5,15.75,15.75,24324
2025-03-13,15.75,16.25,15.050000190734863,15.75,15.75,15656
2025-03-14,15.75,15.149999618530273,15,15.75,15.75,2073
2025-03-17,15.75,16,16,15.5,15.5,14
2025-03-18,15.5,15.5,15.5,15.5,15.5,0
2025-03-19,15.5,15.949999809265137,15,15.5,15.5,2973
2025-03-20,15.5,15,15,15.5,15.5,348
2025-03-21,15.5,15.050000190734863,15,15.25,15.25,50386
2025-03-24,15.5,15.5,15,15.25,15.25,27798
2025-03-25,15.5,15.39900016784668,14,14.699999809265137,14.699999809265137,12616
2025-03-26,14.75,14.074999809265137,14.074999809265137,14.75,14.75,1052
2025-03-27,14.75,14.390000343322754,14.390000343322754,14.75,14.75,100
2025-03-28,14.75,15.300000190734863,14.444999694824219,14.75,14.75,9437
2025-03-31,14.75,14.444999694824219,14.444999694824219,14.75,14.75,1109
2025-04-01,14.75,15.5,14,14.5,14.5,79929
2025-04-02,14.5,14.137999534606934,13,14,14,26723
2025-04-03,14,14,12.87399959564209,14,14,7022
2025-04-04,14,14,14,14,14,0
2025-04-07,14,14.975000381469727,13,14,14,5837
2025-04-08,14,14,14,14,14,0
2025-04-09,14,13.119999885559082,12.739999771118164,14,14,3558
2025-04-10,14,13.199999809265137,13,14,14,5988
2025-04-11,14,13,12.739999771118164,14,14,22
2025-04-14,14,15,15,14,14,22
2025-04-15,14,13,13,14,14,266
2025-04-16,14,14.579999923706055,13.119999885559082,14,14,16019
2025-04-17,14,13.199999809265137,13.199999809265137,14,14,12528
2025-04-22,14,15,12.800000190734863,14,14,74
2025-04-23,14,15,13,14.5,14.5,5398
2025-04-24,14.5,14,14,14.5,14.5,12
2025-04-25,14.5,14.25,13.720000267028809,14.5,14.5,17957
2025-04-28,14.5,14.0600004196167,14.0600004196167,14.5,14.5,972
2025-04-29,14.5,14.75,13,14.5,14.5,66543
2025-04-30,14.5,14.699999809265137,13,14,14,27865
2025-05-01,14,14,14,14,14,0
2025-05-02,14,13.300000190734863,13.300000190734863,14,14,15068
2025-05-06,14,13.239999771118164,13.239999771118164,13.5,13.5,21668
2025-05-07,13.5,13.5,13.5,13.5,13.5,0
2025-05-08,13.5,13.5,13.5,13.5,13.5,0
2025-05-09,13.5,14,14,13.5,13.5,400
2025-05-12,13.5,13,12.25,13,13,35684
2025-05-13,13,12,12,12,12,4500
2025-05-14,13,13.25,12,12.5,12.5,5308
2025-05-15,12.5,13,12.125,12.25,12.25,130728
2025-05-16,12.25,13,12,13,13,57583
2025-05-19,13,12.279999732971191,11,11.5,11.5,202097
2025-05-20,11.5,11.899999618530273,11.149999618530273,11.75,11.75,91485
2025-05-21,11.75,12.5,12.5,11.75,11.75,2372
2025-05-22,11.75,12.5,11.274999618530273,11.75,11.75,1620
2025-05-23,11.75,11.75,11.75,11.75,11.75,0
2025-05-27,11.75,11.850000381469727,11,11.5,11.5,11400
2025-05-28,11.5,11.274999618530273,11.274999618530273,11.5,11.5,6944
2025-05-29,11.5,12,11,11.75,11.75,373
2025-05-30,11.75,11.225000381469727,11.225000381469727,11.75,11.75,5301
2025-06-02,11.75,11.75,11.75,11.75,11.75,0
2025-06-03,11.75,12.5,11,12.5,12.5,4886
2025-06-04,11.75,12.5,11,11.75,11.75,5247
2025-06-05,11.75,11,11,11.75,11.75,13333
2025-06-06,11.75,11.274999618530273,11.274999618530273,11.75,11.75,3
2025-06-09,11.75,11.699999809265137,11,11.75,11.75,44453
2025-06-10,11.75,11.149999618530273,11.149999618530273,11.75,11.75,10783
2025-06-11,11.75,12.390000343322754,11,11.75,11.75,5596
2025-06-12,11.75,11.975000381469727,10.82800006866455,11.75,11.75,11924
2025-06-13,11.75,12.274999618530273,11,11.75,11.75,45974
2025-06-16,11.75,11.444000244140625,10.664999961853027,11.5,11.5,81324
2025-06-17,11.5,11.5,11.5,11.5,11.5,0
2025-06-18,11.5,12,11,11.5,11.5,122
2025-06-19,11.5,12,11,11.5,11.5,97508
2025-06-20,11.5,11.111000061035156,11.111000061035156,11.5,11.5,31451
2025-06-23,11.5,11.90999984741211,10,11.25,11.25,69624
2025-06-24,11.25,11.5,11,10.75,10.75,10980
2025-06-25,10.75,10.75,10.75,10.75,10.75,0
2025-06-26,10.75,11.399999618530273,11,10.75,10.75,28107
2025-06-27,10.75,11.399999618530273,11.274999618530273,10.75,10.75,27694
2025-06-30,10.75,11.5,10,10.75,10.75,21111
2025-07-01,10.75,10,10,10.75,10.75,50
2025-07-02,10.75,11.274999618530273,11.274999618530273,10.75,10.75,1011
2025-07-03,10.75,10,10,10.75,10.75,26
2025-07-04,10.75,11.5,10.074999809265137,10.25,10.25,6432
2025-07-07,10.25,11,11,10.25,10.25,145
2025-07-08,10.25,10,9.5,9.75,9.75,43084
2025-07-09,9.75,9.75,9.75,9.75,9.75,0
2025-07-10,9.75,10,9,10,10,13095
2025-07-11,10,10.949999809265137,9.199999809265137,10,10,8178
2025-07-14,10,10.640000343322754,9,10,10,40436
2025-07-15,10,9.819999694824219,9,9.5,9.5,70316
2025-07-16,9.5,10.5,9,9.75,9.75,67955
2025-07-17,10.5,15.90999984741211,9.5,12.5,12.5,775593
2025-07-18,12.5,13,12,13,13,114598
2025-07-21,12.5,13,12,12.5,12.5,50099
2025-07-22,12.5,13,11.225000381469727,11.75,11.75,71824
2025-07-23,12.5,14,12,13,13,92633
2025-07-24,13,14,12,12.5,12.5,77309
2025-07-25,12.5,12.770000457763672,12.050000190734863,12.5,12.5,14662
2025-07-28,12.5,13,12.680999755859375,12.5,12.5,25353
2025-07-29,12.5,13,12,12.5,12.5,50196
2025-07-30,12.5,12.050000190734863,12.050000190734863,12.5,12.5,5359
2025-07-31,12.5,12,12,12.25,12.25,2741
2025-08-01,12.25,12.329999923706055,12,12.25,12.25,8222
2025-08-04,12.25,12.5,12,11.75,11.75,15434
2025-08-05,11.75,12.300000190734863,11,11.5,11.5,3859
2025-08-06,11.5,11.5,11,10.5,10.5,126976
2025-08-07,10.5,10.5,10.5,10.5,10.5,0
2025-08-08,10.5,11,10,10.5,10.5,1145
2025-08-11,10.5,10.222000122070312,10,10.5,10.5,528
2025-08-12,10.5,12,10,10.5,10.5,33938
2025-08-13,10.5,11,10,10.5,10.5,5409
2025-08-14,10.5,10.800000190734863,10.800000190734863,10.5,10.5,13888
2025-08-15,10.5,10.5,10.5,10.5,10.5,0
2025-08-18,10.5,10.222000122070312,10.222000122070312,10.5,10.5,2054
2025-08-19,10.5,11,10,10.5,10.5,32360
2025-08-20,10.5,11,10.222000122070312,10.5,10.5,20741
2025-08-21,10.5,10.777000427246094,10,10.5,10.5,13914
2025-08-22,10.5,11,10,10.5,10.5,14758
2025-08-26,10.5,10.777000427246094,10,10.5,10.5,4581
2025-08-27,10.5,10.5,10,10.5,10.5,52703
2025-08-28,10.5,10.890000343322754,10,10.5,10.5,889
2025-08-29,10.5,10.149999618530273,10,10.5,10.5,10008
2025-09-01,10.5,10.5,10.5,10.5,10.5,0
2025-09-02,10.5,10.850000381469727,10.100000381469727,10.5,10.5,7550
2025-09-03,10.5,11,10,10.5,10.5,213524
2025-09-04,10.5,10.28499984741211,10.28499984741211,10.5,10.5,1757
2025-09-05,10.5,10.289999961853027,10,10.5,10.5,36569
2025-09-08,10.5,10.28499984741211,10.28499984741211,10.5,10.5,11349
2025-09-09,10.5,10,10,10.5,10.5,203
2025-09-10,10.5,11,11,10.5,10.5,4
2025-09-11,10.5,11,10,10.5,10.5,5748
2025-09-12,10.5,11,10.166000366210938,10.5,10.5,44866
2025-09-15,10.5,10.890000343322754,10.251999855041504,10.5,10.5,59403
2025-09-16,10.5,11,10,10.5,10.5,13754
2025-09-17,10.5,10.5,10.5,10.5,10.5,0
2025-09-18,10.5,10.5,10.5,10.5,10.5,0
2025-09-19,10.5,10.989999771118164,10.949999809265137,10.5,10.5,16038
2025-09-22,10.5,11,10.336000442504883,10.5,10.5,17835
2025-09-23,10.5,10.336000442504883,10.336000442504883,10.5,10.5,6666
2025-09-24,10.5,10.5,10.5,10.5,10.5,0
2025-09-25,10.5,11,10,10.5,10.5,17911
2025-09-26,10.5,11,10,10.5,10.5,93
2025-09-29,10.5,10.100000381469727,10.100000381469727,10.5,10.5,4000
2025-09-30,10.5,10.84000015258789,10.84000015258789,10.5,10.5,2424
2025-10-01,10.5,11,9.800000190734863,10.5,10.5,1657
2025-10-02,10.5,10.010000228881836,10,10.5,10.5,1332
2025-10-03,10.5,10.711000442504883,10.01099967956543,10.5,10.5,4341
2025-10-06,10.5,11,9.800000190734863,10.5,10.5,37339
2025-10-07,10.5,11,9,10,10,13041
2025-10-08,10,10,10,10,10,0
2025-10-09,10,10,10,10,10,0
2025-10-10,10,11,9,10,10,2505
2025-10-13,10,9,9,10,10,378
2025-10-14,10,11,6.119999885559082,7.75,7.75,577053
2025-10-15,7.75,8.399999618530273,6.849999904632568,7.75,7.75,90791
2025-10-16,7.75,8.720000267028809,6.888000011444092,7.75,7.75,40534
2025-10-17,7.75,6.5,6.388000011444092,7,7,241
2025-10-20,7,9,6.5,7.75,7.75,167243
2025-10-21,7.75,8.5,7.151000022888184,7.65500020980835,7.65500020980835,25859
2025-10-22,7.75,7.090000152587891,7,7.25,7.25,67699
2025-10-23,7.25,7.5,6,7,7,32310
2025-10-24,7,7.980000019073486,6.25,7,7,6059