Date,Open,High,Low,Close,Adj Close,Volume
2023-10-25,111.41999816894531,112.81999969482422,109.54000091552734,109.86000061035156,109.86000061035156,442000
2023-10-26,110.87000274658203,112.58999633789062,110.5,112.30000305175781,112.30000305175781,519100
2023-10-27,112.41000366210938,112.98999786376953,110.79000091552734,111.80000305175781,111.80000305175781,392700
2023-10-30,112.77999877929688,113.30000305175781,110.54000091552734,112.5199966430664,112.5199966430664,551300
2023-10-31,112.6500015258789,113.83000183105469,112.0199966430664,113.41000366210938,113.41000366210938,758500
2023-11-01,113.41999816894531,113.95999908447266,112.37999725341797,113.69999694824219,113.69999694824219,827600
2023-11-02,118.5999984741211,120.73999786376953,116.54000091552734,119.95999908447266,119.95999908447266,805500
2023-11-03,119.01000213623047,122.75,118.80999755859375,120.94999694824219,120.94999694824219,888800
2023-11-06,120.72000122070312,122,119.8499984741211,120.26000213623047,120.26000213623047,541200
2023-11-07,119.48999786376953,120.29000091552734,118.77999877929688,119,119,409700
2023-11-08,118.87000274658203,119.79000091552734,118.12000274658203,118.55000305175781,118.55000305175781,364300
2023-11-09,119.4000015258789,120.05000305175781,116.8499984741211,116.98999786376953,116.98999786376953,337900
2023-11-10,117.52999877929688,120.7300033569336,117.52999877929688,120.54000091552734,120.54000091552734,371400
2023-11-13,119.70999908447266,120.12000274658203,118.87999725341797,119.18000030517578,119.18000030517578,342200
2023-11-14,122.0999984741211,125.0199966430664,121.77999877929688,124.98999786376953,124.98999786376953,570600
2023-11-15,124.81999969482422,127.95999908447266,124.05999755859375,124.97000122070312,124.97000122070312,803900
2023-11-16,124.37999725341797,125.37000274658203,121.9000015258789,123.97000122070312,123.97000122070312,769600
2023-11-17,125.0999984741211,125.48999786376953,122.83999633789062,123.48999786376953,123.48999786376953,456000
2023-11-20,123.16999816894531,123.44999694824219,121.87999725341797,123.37999725341797,123.37999725341797,512000
2023-11-21,122.27999877929688,122.43000030517578,119.76000213623047,120.58000183105469,120.58000183105469,795800
2023-11-22,121.41000366210938,121.91000366210938,118.81999969482422,120.0199966430664,120.0199966430664,820200
2023-11-24,119.98999786376953,120.12999725341797,117.94999694824219,119.91999816894531,119.91999816894531,454500
2023-11-27,119.31999969482422,119.8499984741211,117.95999908447266,119.44000244140625,119.44000244140625,650600
2023-11-28,118.88999938964844,120.55999755859375,118.0999984741211,119.1500015258789,119.1500015258789,881500
2023-11-29,120.06999969482422,120.80999755859375,119.05000305175781,119.58000183105469,119.58000183105469,1034100
2023-11-30,120.19999694824219,120.22000122070312,117.5999984741211,118.55999755859375,118.55999755859375,7110600
2023-12-01,118.70999908447266,120.69999694824219,118.47000122070312,119.63999938964844,119.63999938964844,1123600
2023-12-04,119.27999877929688,120.5199966430664,117.43000030517578,119.58000183105469,119.58000183105469,1033900
2023-12-05,119.29000091552734,119.62000274658203,117.77999877929688,118.4000015258789,118.4000015258789,730700
2023-12-06,119.52999877929688,120.44000244140625,116.9800033569336,117.08999633789062,117.08999633789062,863500
2023-12-07,117.19000244140625,118.22000122070312,116.4800033569336,118.01000213623047,118.01000213623047,654700
2023-12-08,118.08999633789062,120.41000366210938,118.08999633789062,119.77999877929688,119.77999877929688,875500
2023-12-11,119.31999969482422,122.47000122070312,119.31999969482422,122,122,360700
2023-12-12,121.69999694824219,122.38999938964844,120.94000244140625,121.01000213623047,121.01000213623047,407900
2023-12-13,120.5999984741211,121.20999908447266,117.98999786376953,120.87999725341797,120.87999725341797,783900
2023-12-14,122.55000305175781,125.08999633789062,122.20999908447266,123.66000366210938,123.66000366210938,800100
2023-12-15,123.44000244140625,123.91000366210938,122.18000030517578,123.48999786376953,123.48999786376953,1326700
2023-12-18,123.80999755859375,123.80999755859375,122.11000061035156,123.38999938964844,123.38999938964844,588200
2023-12-19,123.93000030517578,125.11000061035156,123.37999725341797,124.16999816894531,124.16999816894531,452600
2023-12-20,123.81999969482422,125.2699966430664,122.83999633789062,123.01000213623047,123.01000213623047,501300
2023-12-21,123.98999786376953,124.88999938964844,122.58999633789062,124.04000091552734,124.04000091552734,351000
2023-12-22,124.25,125.16000366210938,123.36000061035156,123.43000030517578,123.43000030517578,308500
2023-12-26,123.83999633789062,124.27999877929688,123.02999877929688,123.87999725341797,123.87999725341797,199700
2023-12-27,124.62000274658203,124.62000274658203,122.33999633789062,122.68000030517578,122.68000030517578,301900
2023-12-28,122.68000030517578,123.5999984741211,122.20999908447266,123.41000366210938,123.41000366210938,217500
2023-12-29,123.08999633789062,123.7699966430664,121.12000274658203,122.25,122.25,586200
2024-01-02,121.30000305175781,121.62000274658203,119.0999984741211,119.88999938964844,119.88999938964844,674800
2024-01-03,118.91000366210938,118.91000366210938,117.20999908447266,117.98999786376953,117.98999786376953,763100
2024-01-04,117.43000030517578,118.08999633789062,116.94999694824219,117.44999694824219,117.44999694824219,707900
2024-01-05,117.11000061035156,119.08999633789062,115.83000183105469,116.9000015258789,116.9000015258789,786600
2024-01-08,117.22000122070312,117.8499984741211,116.58999633789062,117.18000030517578,117.18000030517578,582900
2024-01-09,115.58999633789062,116.77999877929688,114.52999877929688,115.37999725341797,115.37999725341797,802300
2024-01-10,115.18000030517578,116.20999908447266,114.2300033569336,115.61000061035156,115.61000061035156,796600
2024-01-11,115.33999633789062,116.37999725341797,114.91000366210938,116.19999694824219,116.19999694824219,461100
2024-01-12,117.16000366210938,117.16000366210938,115.2300033569336,115.5,115.5,491500
2024-01-16,114.62000274658203,116.25,113.86000061035156,115.44999694824219,115.44999694824219,825400
2024-01-17,114.41999816894531,115.22000122070312,113.87999725341797,114.1500015258789,114.1500015258789,714900
2024-01-18,115.48999786376953,116.61000061035156,114.88999938964844,116.55000305175781,116.55000305175781,392300
2024-01-19,117.36000061035156,117.55999755859375,115.81999969482422,116.83000183105469,116.83000183105469,351200
2024-01-22,117.25,117.66000366210938,116.41000366210938,116.94999694824219,116.94999694824219,356900
2024-01-23,117.75,117.7699966430664,116.38999938964844,116.43000030517578,116.43000030517578,328200
2024-01-24,117.4000015258789,117.4000015258789,114.8499984741211,115,115,480100
2024-01-25,115.93000030517578,116.2699966430664,115.05999755859375,115.22000122070312,115.22000122070312,456200
2024-01-26,115.23999786376953,115.58000183105469,113.76000213623047,114.25,114.25,422700
2024-01-29,113.63999938964844,114.02999877929688,112.62999725341797,113.68000030517578,113.68000030517578,402200
2024-01-30,114,114.83999633789062,113.11000061035156,113.6500015258789,113.6500015258789,628200
2024-01-31,112.7300033569336,112.9800033569336,110.86000061035156,111.1500015258789,111.1500015258789,520900
2024-02-01,111.6500015258789,112.23999786376953,109.19999694824219,111.45999908447266,111.45999908447266,640000
2024-02-02,110.41999816894531,112.29000091552734,110,111.30999755859375,111.30999755859375,428800
2024-02-05,110.80999755859375,111.36000061035156,109.81999969482422,109.94000244140625,109.94000244140625,553900
2024-02-06,109.4800033569336,110.55000305175781,109.22000122070312,109.69999694824219,109.69999694824219,830900
2024-02-07,109.7699966430664,110.4800033569336,108.7699966430664,108.9800033569336,108.9800033569336,688000
2024-02-08,110.6500015258789,113.48999786376953,110.01000213623047,113.4000015258789,113.4000015258789,1288500
2024-02-09,109.58000183105469,113.0199966430664,109.58000183105469,111.30999755859375,111.30999755859375,1138800
2024-02-12,111.33999633789062,113.72000122070312,111.20999908447266,113.23999786376953,113.23999786376953,493400
2024-02-13,110.41999816894531,110.97000122070312,108.51000213623047,109.8499984741211,109.8499984741211,737500
2024-02-14,111.1500015258789,112.26000213623047,110.4000015258789,112.19000244140625,112.19000244140625,486300
2024-02-15,112.62000274658203,113.97000122070312,112.62000274658203,113.76000213623047,113.76000213623047,400300
2024-02-16,113.38999938964844,114.41000366210938,113.11000061035156,113.80000305175781,113.80000305175781,588900
2024-02-20,112.30000305175781,115.47000122070312,112.30000305175781,114.87000274658203,114.87000274658203,572800
2024-02-21,114.4800033569336,115.76000213623047,113.62000274658203,115.08999633789062,115.08999633789062,415600
2024-02-22,115.62999725341797,116.19000244140625,114.5999984741211,116.08000183105469,116.08000183105469,481700
2024-02-23,116.0999984741211,117.3499984741211,116.0999984741211,116.83999633789062,116.83999633789062,455500
2024-02-26,117.06999969482422,117.93000030517578,116.05999755859375,116.37000274658203,116.37000274658203,842800
2024-02-27,117.01000213623047,117.11000061035156,115.44999694824219,116.12999725341797,116.12999725341797,590100
2024-02-28,115.41000366210938,116.87999725341797,115.37999725341797,116.81999969482422,116.81999969482422,426800
2024-02-29,117.80000305175781,118.11000061035156,116.13999938964844,117.5,117.5,721700
2024-03-01,117.93000030517578,120.98999786376953,117.87000274658203,120.19000244140625,120.19000244140625,576500
2024-03-04,120.69000244140625,121.48999786376953,120.06999969482422,120.61000061035156,120.61000061035156,472400
2024-03-05,120,121.26000213623047,118.7699966430664,118.86000061035156,118.86000061035156,484900
2024-03-06,119.95999908447266,120.66000366210938,118.5999984741211,120.58000183105469,120.58000183105469,422800
2024-03-07,120.70999908447266,121.56999969482422,119.98999786376953,120.36000061035156,120.36000061035156,346700
2024-03-08,120.7300033569336,121.36000061035156,119.77999877929688,120.02999877929688,120.02999877929688,282900
2024-03-11,119.52999877929688,121.05000305175781,118.62000274658203,120.87000274658203,120.87000274658203,442100
2024-03-12,121.2699966430664,123.33000183105469,120.38999938964844,123.08000183105469,123.08000183105469,528000
2024-03-13,122.95999908447266,124.79000091552734,122.7699966430664,123.20999908447266,123.20999908447266,688700
2024-03-14,123.05000305175781,123.55999755859375,121.12000274658203,121.8499984741211,121.8499984741211,521200
2024-03-15,120.8499984741211,122.27999877929688,120.2699966430664,120.36000061035156,120.36000061035156,1403200
2024-03-18,120.94999694824219,121.01000213623047,117.55000305175781,117.58000183105469,117.58000183105469,404200
2024-03-19,116.93000030517578,118.66999816894531,116.4800033569336,118.16999816894531,118.16999816894531,373200
2024-03-20,118.56999969482422,119.05999755859375,117.86000061035156,118.83000183105469,118.83000183105469,356100
2024-03-21,119.98999786376953,122.62999725341797,119.55000305175781,122.22000122070312,122.22000122070312,496900
2024-03-22,122.2699966430664,122.41000366210938,121.30999755859375,122.19999694824219,122.19999694824219,306400
2024-03-25,121.81999969482422,126.1500015258789,121.81999969482422,125.43000030517578,125.43000030517578,659800
2024-03-26,125.94999694824219,126.94000244140625,125.51000213623047,126.08999633789062,126.08999633789062,631000
2024-03-27,126.56999969482422,130.1999969482422,126.56999969482422,130.11000061035156,130.11000061035156,705900
2024-03-28,129.88999938964844,130.5,128.83999633789062,129.4600067138672,129.4600067138672,702500
2024-04-01,130,130,128.22000122070312,129.02999877929688,129.02999877929688,280100
2024-04-02,128.11000061035156,128.75999450683594,126.56999969482422,127.37999725341797,127.37999725341797,330700
2024-04-03,127.70999908447266,129.38999938964844,126.70999908447266,129.1999969482422,129.1999969482422,480400
2024-04-04,130.99000549316406,130.99000549316406,126.69999694824219,126.91999816894531,126.91999816894531,389900
2024-04-05,126.8499984741211,127.58999633789062,126.37999725341797,127.44000244140625,127.44000244140625,262300
2024-04-08,128.25,128.92999267578125,127.43000030517578,127.51000213623047,127.51000213623047,231300
2024-04-09,128.11000061035156,129.1300048828125,127.37999725341797,129.02000427246094,129.02000427246094,327300
2024-04-10,126.58000183105469,127.19999694824219,125.9800033569336,126.27999877929688,126.27999877929688,279700
2024-04-11,127.02999877929688,127.77999877929688,125.6500015258789,127.7300033569336,127.7300033569336,623400
2024-04-12,126.68000030517578,127.01000213623047,124.05000305175781,124.25,124.25,624600
2024-04-15,124.54000091552734,125.37000274658203,122.76000213623047,123.4000015258789,123.4000015258789,414200
2024-04-16,123.5199966430664,124.19000244140625,122.16999816894531,123.41999816894531,123.41999816894531,609000
2024-04-17,124.25,124.83999633789062,121.91999816894531,121.95999908447266,121.95999908447266,254200
2024-04-18,122.56999969482422,122.83999633789062,121.87999725341797,122.04000091552734,122.04000091552734,255300
2024-04-19,121.45999908447266,122.88999938964844,120.86000061035156,121.70999908447266,121.70999908447266,305800
2024-04-22,122.87000274658203,124.44000244140625,122.18000030517578,123.27999877929688,123.27999877929688,210900
2024-04-23,123.01000213623047,125.69999694824219,123.01000213623047,125.0199966430664,125.0199966430664,257800
2024-04-24,126.19000244140625,128.66000366210938,125.55000305175781,127.58000183105469,127.58000183105469,403600
2024-04-25,127.12999725341797,128.6199951171875,126.4000015258789,127.80999755859375,127.80999755859375,284500
2024-04-26,127.83000183105469,129.00999450683594,127.19000244140625,128.5800018310547,128.5800018310547,422700
2024-04-29,128.8300018310547,129.83999633789062,128.41000366210938,128.77999877929688,128.77999877929688,484800
2024-04-30,127.88999938964844,129.05999755859375,127.19000244140625,127.66999816894531,127.66999816894531,954100
2024-05-01,125.45999908447266,127.48999786376953,124.45999908447266,124.8499984741211,124.8499984741211,842000
2024-05-02,123.25,123.25,119.05999755859375,122.70999908447266,122.70999908447266,818600
2024-05-03,123.31999969482422,125.13999938964844,121.2699966430664,124.88999938964844,124.88999938964844,542300
2024-05-06,125.83999633789062,127.94000244140625,125.72000122070312,127.13999938964844,127.13999938964844,617500
2024-05-07,127.4800033569336,128.72999572753906,127,127.0199966430664,127.0199966430664,509600
2024-05-08,126.75,128.1999969482422,126.6500015258789,127.48999786376953,127.48999786376953,323800
2024-05-09,127.76000213623047,127.76000213623047,124.98999786376953,125.58999633789062,125.58999633789062,496500
2024-05-10,125.86000061035156,126.69000244140625,125.66999816894531,126.43000030517578,126.43000030517578,378200
2024-05-13,127.22000122070312,128.77999877929688,127.22000122070312,128.63999938964844,128.63999938964844,376000
2024-05-14,129.2899932861328,129.4499969482422,127.47000122070312,129.00999450683594,129.00999450683594,389800
2024-05-15,129.67999267578125,130.44000244140625,129.02999877929688,129.97999572753906,129.97999572753906,339600
2024-05-16,129.97999572753906,131,129.5399932861328,129.77000427246094,129.77000427246094,283100
2024-05-17,130.02999877929688,131.74000549316406,129.52000427246094,131.52999877929688,131.52999877929688,432800
2024-05-20,132.3300018310547,133.44000244140625,131.77999877929688,132.97999572753906,132.97999572753906,400600
2024-05-21,131.7100067138672,132.25,131.22000122070312,132.00999450683594,132.00999450683594,334000
2024-05-22,132.1300048828125,133.63999938964844,131.89999389648438,133.6300048828125,133.6300048828125,428700
2024-05-23,134.38999938964844,134.38999938964844,130.3300018310547,130.44000244140625,130.44000244140625,254800
2024-05-24,131.2100067138672,131.97999572753906,130.6300048828125,131.52000427246094,131.52000427246094,220400
2024-05-28,131.85000610351562,132.75,129.7899932861328,130.22000122070312,130.22000122070312,319600
2024-05-29,128.5800018310547,129.00999450683594,127.4800033569336,128.5500030517578,128.5500030517578,290500
2024-05-30,128.8300018310547,131.0800018310547,128.33999633789062,130.5500030517578,130.5500030517578,323100
2024-05-31,130.72000122070312,131.4199981689453,129.6199951171875,131.30999755859375,131.30999755859375,484400
2024-06-03,132.97999572753906,132.97999572753906,130.69000244140625,132.49000549316406,132.49000549316406,255100
2024-06-04,131.6999969482422,131.6999969482422,129.22000122070312,129.77999877929688,129.77999877929688,293300
2024-06-05,130.4499969482422,133,129.8300018310547,132.6699981689453,132.6699981689453,406700
2024-06-06,132.2899932861328,132.3300018310547,130.75,131.9199981689453,131.9199981689453,327600
2024-06-07,131.22999572753906,131.7899932861328,129.77999877929688,131.69000244140625,131.69000244140625,533600
2024-06-10,129.83999633789062,133.77000427246094,129.83999633789062,132.8300018310547,132.8300018310547,505100
2024-06-11,132.47000122070312,132.6199951171875,130.47000122070312,132.49000549316406,132.49000549316406,451000
2024-06-12,134.4499969482422,134.4499969482422,132.52999877929688,133.47000122070312,133.47000122070312,556400
2024-06-13,133.2100067138672,133.92999267578125,130.50999450683594,132.27999877929688,132.27999877929688,385800
2024-06-14,130.88999938964844,131,128.7100067138672,128.83999633789062,128.83999633789062,455100
2024-06-17,128.6199951171875,130.61000061035156,128.58999633789062,130.05999755859375,130.05999755859375,454900
2024-06-18,130.05999755859375,130.05999755859375,124.18000030517578,125.79000091552734,125.79000091552734,949000
2024-06-20,126.01000213623047,127.20999908447266,125.61000061035156,126.44999694824219,126.44999694824219,459200
2024-06-21,126.44999694824219,128.0399932861328,125.44999694824219,126.7699966430664,126.7699966430664,1990200
2024-06-24,126.12999725341797,127.18000030517578,125.16000366210938,125.58999633789062,125.58999633789062,402100
2024-06-25,125.3499984741211,125.3499984741211,122.06999969482422,123.05000305175781,123.05000305175781,501000
2024-06-26,122.70999908447266,122.70999908447266,121.25,122.0999984741211,122.0999984741211,428600
2024-06-27,122.44999694824219,122.44999694824219,120.12000274658203,120.45999908447266,120.45999908447266,532000
2024-06-28,121.16999816894531,121.93000030517578,119.6500015258789,120.76000213623047,120.76000213623047,599200
2024-07-01,121,121.94999694824219,118.68000030517578,119.2699966430664,119.2699966430664,318600
2024-07-02,118.97000122070312,119.83000183105469,118.41000366210938,119.38999938964844,119.38999938964844,297400
2024-07-03,120,120.31999969482422,117.69999694824219,119.58000183105469,119.58000183105469,168100
2024-07-05,118.95999908447266,119.81999969482422,116.83000183105469,117.43000030517578,117.43000030517578,820000
2024-07-08,118.5,119.27999877929688,117.54000091552734,118.7699966430664,118.7699966430664,375900
2024-07-09,118.87999725341797,118.87999725341797,116.80000305175781,117.29000091552734,117.29000091552734,255100
2024-07-10,118.11000061035156,120.58999633789062,117.86000061035156,120.43000030517578,120.43000030517578,394100
2024-07-11,121.69000244140625,123.26000213623047,121.69000244140625,122.02999877929688,122.02999877929688,255000
2024-07-12,122.87999725341797,123.66999816894531,121.6500015258789,123.08999633789062,123.08999633789062,297000
2024-07-15,122.69999694824219,122.87999725341797,120.86000061035156,122.58999633789062,122.58999633789062,709000
2024-07-16,123.38999938964844,126.68000030517578,122.73999786376953,126.66999816894531,126.66999816894531,476200
2024-07-17,125.52999877929688,127.22000122070312,125.52999877929688,125.9800033569336,125.9800033569336,610500
2024-07-18,125.83000183105469,127.08999633789062,123.26000213623047,123.69999694824219,123.69999694824219,528800
2024-07-19,123.56999969482422,124.62999725341797,121.36000061035156,122.06999969482422,122.06999969482422,216600
2024-07-22,122.62999725341797,125.5999984741211,121.5,125.30000305175781,125.30000305175781,276600
2024-07-23,124.44000244140625,125.0199966430664,121.62999725341797,121.69000244140625,121.69000244140625,460900
2024-07-24,121.1500015258789,122.79000091552734,120.41000366210938,120.47000122070312,120.47000122070312,356200
2024-07-25,119.94999694824219,122.44000244140625,119.26000213623047,120.22000122070312,120.22000122070312,305800
2024-07-26,122.23999786376953,123.30000305175781,122.05000305175781,122.6500015258789,122.6500015258789,230400
2024-07-29,123,124.79000091552734,122.6500015258789,124.08000183105469,124.08000183105469,376000
2024-07-30,124.08000183105469,124.94999694824219,122.19999694824219,123.54000091552734,123.54000091552734,516600
2024-07-31,124.41000366210938,126.33999633789062,122.88999938964844,123.69000244140625,123.69000244140625,547100
2024-08-01,131.6999969482422,134.3300018310547,123.13999938964844,128.94000244140625,128.94000244140625,1304600
2024-08-02,126,127.66000366210938,122.79000091552734,125.76000213623047,125.76000213623047,850900
2024-08-05,122.31999969482422,127.05000305175781,120.47000122070312,124.87999725341797,124.87999725341797,728800
2024-08-06,124.9000015258789,127.87999725341797,124.08000183105469,124.70999908447266,124.70999908447266,446400
2024-08-07,125.91999816894531,126.58000183105469,122.63999938964844,122.86000061035156,122.86000061035156,320300
2024-08-08,124.0199966430664,127.8499984741211,124.0199966430664,127.58000183105469,127.58000183105469,242000
2024-08-09,127.22000122070312,127.56999969482422,125.79000091552734,126.9800033569336,126.9800033569336,189300
2024-08-12,127.22000122070312,127.22000122070312,124.3499984741211,125.95999908447266,125.95999908447266,282600
2024-08-13,126.05999755859375,127.5,125.8499984741211,127.45999908447266,127.45999908447266,306400
2024-08-14,128.1999969482422,128.39999389648438,125.38999938964844,126.37999725341797,126.37999725341797,246500
2024-08-15,127.8499984741211,130.25999450683594,127.61000061035156,129.85000610351562,129.85000610351562,326700
2024-08-16,129.77000427246094,130.80999755859375,128.75,129.27999877929688,129.27999877929688,496100
2024-08-19,129.77000427246094,131.36000061035156,129.77000427246094,131.17999267578125,131.17999267578125,257900
2024-08-20,130.83999633789062,130.99000549316406,128.88999938964844,128.97999572753906,128.97999572753906,204800
2024-08-21,129.8699951171875,132.1699981689453,129.39999389648438,131.83999633789062,131.83999633789062,339000
2024-08-22,131.9499969482422,132.07000732421875,130.42999267578125,130.6199951171875,130.6199951171875,300600
2024-08-23,131.5399932861328,133.8699951171875,130.9499969482422,133.17999267578125,133.17999267578125,246000
2024-08-26,133.80999755859375,134.72000122070312,133.35000610351562,133.47999572753906,133.47999572753906,352700
2024-08-27,132.77000427246094,134.39999389648438,132.49000549316406,133.7899932861328,133.7899932861328,257700
2024-08-28,133.6999969482422,134.61000061035156,132.66000366210938,133.61000061035156,133.61000061035156,368000
2024-08-29,134.2899932861328,136.92999267578125,134.00999450683594,135.10000610351562,135.10000610351562,319700
2024-08-30,135.94000244140625,136.58999633789062,134.1999969482422,135.0800018310547,135.0800018310547,558600
2024-09-03,134.14999389648438,134.14999389648438,128.55999755859375,128.8699951171875,128.8699951171875,461900
2024-09-04,128.4499969482422,129.57000732421875,128.25,128.99000549316406,128.99000549316406,313600
2024-09-05,128.66000366210938,130.16000366210938,128.1300048828125,129.02000427246094,129.02000427246094,364800
2024-09-06,128.83999633789062,129.13999938964844,126.38999938964844,126.47000122070312,126.47000122070312,318000
2024-09-09,126.76000213623047,127.5199966430664,125.69999694824219,125.94000244140625,125.94000244140625,391400
2024-09-10,125.61000061035156,126.68000030517578,124.3499984741211,124.95999908447266,124.95999908447266,303200
2024-09-11,124.75,125.52999877929688,122.05000305175781,124.33999633789062,124.33999633789062,289500
2024-09-12,124.0199966430664,124.16999816894531,122.16000366210938,122.86000061035156,122.86000061035156,348500
2024-09-13,123.68000030517578,125.3499984741211,123.6500015258789,124.3499984741211,124.3499984741211,392100
2024-09-16,124.79000091552734,127.7699966430664,124.79000091552734,127.52999877929688,127.52999877929688,347600
2024-09-17,129.0500030517578,131.7100067138672,128.27000427246094,129.61000061035156,129.61000061035156,371400
2024-09-18,130.30999755859375,132.6199951171875,128.99000549316406,129.57000732421875,129.57000732421875,305600
2024-09-19,131.99000549316406,134.7100067138672,131.50999450683594,133.89999389648438,133.89999389648438,463900
2024-09-20,134.97999572753906,134.97999572753906,131.07000732421875,131.63999938964844,131.63999938964844,1765700
2024-09-23,132.14999389648438,132.75,131.47999572753906,132.0800018310547,132.0800018310547,301900
2024-09-24,132.88999938964844,133.0500030517578,131.42999267578125,132.6199951171875,132.6199951171875,237700
2024-09-25,132.22999572753906,132.7899932861328,130.27999877929688,130.8800048828125,130.8800048828125,356500
2024-09-26,132.64999389648438,134.5,132.55999755859375,134.47999572753906,134.47999572753906,407500
2024-09-27,135.3800048828125,135.42999267578125,133.75,133.9199981689453,133.9199981689453,458300
2024-09-30,133.6199951171875,134.5,132.47999572753906,132.8300018310547,132.8300018310547,328800
2024-10-01,132.22000122070312,132.22000122070312,129.25999450683594,131.77999877929688,131.77999877929688,416200
2024-10-02,131.52000427246094,132.14999389648438,130.39999389648438,130.97999572753906,130.97999572753906,292900
2024-10-03,130.24000549316406,131.02999877929688,128.97999572753906,129.33999633789062,129.33999633789062,191600
2024-10-04,131.2100067138672,131.82000732421875,129.38999938964844,130.9499969482422,130.9499969482422,244000
2024-10-07,130.05999755859375,131.7899932861328,129.99000549316406,131.11000061035156,131.11000061035156,231700
2024-10-08,130.61000061035156,133.4499969482422,129.7899932861328,132.94000244140625,132.94000244140625,330800
2024-10-09,133.50999450683594,135.60000610351562,133.25,133.60000610351562,133.60000610351562,228900
2024-10-10,133.02999877929688,133.6300048828125,131.47999572753906,132.57000732421875,132.57000732421875,303200
2024-10-11,132.30999755859375,134.1300048828125,132.30999755859375,133.57000732421875,133.57000732421875,196900
2024-10-14,133.66000366210938,135.22999572753906,133.47999572753906,134.8300018310547,134.8300018310547,197000
2024-10-15,134.94000244140625,136.13999938964844,133.8699951171875,134.3000030517578,134.3000030517578,386000
2024-10-16,134.72000122070312,136.5,134.30999755859375,136.41000366210938,136.41000366210938,471200
2024-10-17,136.27000427246094,137.38999938964844,135.50999450683594,137.13999938964844,137.13999938964844,349800
2024-10-18,137.13999938964844,137.17999267578125,135.1999969482422,135.5500030517578,135.5500030517578,289100
2024-10-21,135.58999633789062,136.44000244140625,133.80999755859375,134.0800018310547,134.0800018310547,330400
2024-10-22,133.67999267578125,133.75,132.5399932861328,133.50999450683594,133.50999450683594,209900
2024-10-23,133.1300048828125,133.8800048828125,131.47000122070312,132.36000061035156,132.36000061035156,249100
2024-10-24,132.8300018310547,134.22000122070312,131.69000244140625,133.91000366210938,133.91000366210938,346100
2024-10-25,134.52999877929688,134.85000610351562,132.16000366210938,132.38999938964844,132.38999938964844,321200
2024-10-28,133.2899932861328,135.13999938964844,133.0800018310547,133.82000732421875,133.82000732421875,318400
2024-10-29,133.55999755859375,134.77000427246094,132.75,134.5500030517578,134.5500030517578,291200
2024-10-30,133.50999450683594,137.8000030517578,133.44000244140625,135.8000030517578,135.8000030517578,540900
2024-10-31,126.30000305175781,126.51000213623047,118.43000030517578,118.66999816894531,118.66999816894531,1185100
2024-11-01,118.16999816894531,123.43000030517578,118.16999816894531,121.02999877929688,121.02999877929688,675400
2024-11-04,121.36000061035156,121.36000061035156,117.83000183105469,119.12999725341797,119.12999725341797,536000
2024-11-05,118.37000274658203,120.12000274658203,118.2300033569336,118.83999633789062,118.83999633789062,366700
2024-11-06,123.5999984741211,123.5999984741211,120.83999633789062,122.9000015258789,122.9000015258789,538200
2024-11-07,123.0199966430664,124.87000274658203,120.86000061035156,121.38999938964844,121.38999938964844,384500
2024-11-08,120.97000122070312,122.30000305175781,120.16999816894531,120.19999694824219,120.19999694824219,361000
2024-11-11,120.80000305175781,121.0999984741211,119.52999877929688,120.02999877929688,120.02999877929688,277300
2024-11-12,119.33000183105469,119.7300033569336,116.19999694824219,116.22000122070312,116.22000122070312,355400
2024-11-13,116.75,117.26000213623047,114.44999694824219,114.4800033569336,114.4800033569336,297800
2024-11-14,114.83999633789062,115.63999938964844,114.29000091552734,115.19999694824219,115.19999694824219,360700
2024-11-15,115.19000244140625,115.77999877929688,112.5999984741211,115.18000030517578,115.18000030517578,640600
2024-11-18,115.12999725341797,116.16000366210938,114.08999633789062,114.9000015258789,114.9000015258789,529100
2024-11-19,113.7300033569336,114.87999725341797,113.11000061035156,113.72000122070312,113.72000122070312,557400
2024-11-20,113.56999969482422,114.33999633789062,112.80000305175781,114.12999725341797,114.12999725341797,346400
2024-11-21,114.5,117.62999725341797,114.5,116.94999694824219,116.94999694824219,294700
2024-11-22,117.56999969482422,119.31999969482422,116.94999694824219,119.26000213623047,119.26000213623047,519800
2024-11-25,120.68000030517578,123.37000274658203,120.47000122070312,121.68000030517578,121.68000030517578,556000
2024-11-26,121.37999725341797,122.79000091552734,119.66000366210938,120.87000274658203,120.87000274658203,383300
2024-11-27,121.75,122.04000091552734,119.26000213623047,119.38999938964844,119.38999938964844,285100
2024-11-29,119.63999938964844,120.80000305175781,119.48999786376953,120.16000366210938,120.16000366210938,134200
2024-12-02,120.04000091552734,122.93000030517578,119.16000366210938,122.5999984741211,122.5999984741211,315900
2024-12-03,122.13999938964844,122.13999938964844,119.08000183105469,121.27999877929688,121.27999877929688,514700
2024-12-04,121.5,122.70999908447266,120.5,120.56999969482422,120.56999969482422,634200
2024-12-05,121.08999633789062,121.08999633789062,119.22000122070312,119.36000061035156,119.36000061035156,314100
2024-12-06,119.87000274658203,120.63999938964844,118.79000091552734,120.48999786376953,120.48999786376953,268500
2024-12-09,120.93000030517578,123.86000061035156,120.9000015258789,122.44000244140625,122.44000244140625,397900
2024-12-10,122.19000244140625,122.19000244140625,118.4000015258789,120.19999694824219,120.19999694824219,409600
2024-12-11,120.5199966430664,123.27999877929688,119.69000244140625,123.06999969482422,123.06999969482422,416800
2024-12-12,122.38999938964844,123.73999786376953,121.7699966430664,122.0199966430664,122.0199966430664,406800
2024-12-13,122.36000061035156,122.5199966430664,120.04000091552734,120.30000305175781,120.30000305175781,414400
2024-12-16,119.75,121.69999694824219,119.12999725341797,119.29000091552734,119.29000091552734,464700
2024-12-17,118.81999969482422,120.30000305175781,117.83000183105469,117.91999816894531,117.91999816894531,456300
2024-12-18,119.20999908447266,120.3499984741211,115.43000030517578,115.80000305175781,115.80000305175781,454200
2024-12-19,116,116.94000244140625,114.79000091552734,115.41999816894531,115.41999816894531,648700
2024-12-20,115.22000122070312,117.9800033569336,114.30999755859375,114.75,114.75,1447600
2024-12-23,114.58999633789062,115.66000366210938,114.0999984741211,114.94000244140625,114.94000244140625,526600
2024-12-24,115.29000091552734,116.1500015258789,114.23999786376953,115.47000122070312,115.47000122070312,131600
2024-12-26,114.75,116.22000122070312,114.61000061035156,115.02999877929688,115.02999877929688,328500
2024-12-27,114.63999938964844,115.66000366210938,113.51000213623047,113.97000122070312,113.97000122070312,235400
2024-12-30,113.13999938964844,113.94000244140625,111.43000030517578,112.44000244140625,112.44000244140625,320400
2024-12-31,113.20999908447266,114.02999877929688,112.41999816894531,113.12000274658203,113.12000274658203,372000
2025-01-02,113.94999694824219,114.83000183105469,111.27999877929688,111.37999725341797,111.37999725341797,290900
2025-01-03,111.48999786376953,114.0199966430664,111.48999786376953,113.13999938964844,113.13999938964844,301800
2025-01-06,113.93000030517578,116.41999816894531,111.61000061035156,112.12000274658203,112.12000274658203,500800
2025-01-07,112.87000274658203,114.33000183105469,112.55000305175781,113.45999908447266,113.45999908447266,404200
2025-01-08,112.5,112.72000122070312,110.51000213623047,112.08999633789062,112.08999633789062,397300
2025-01-10,111.1500015258789,113.05000305175781,110.76000213623047,111.94999694824219,111.94999694824219,406400
2025-01-13,110.80999755859375,112.30999755859375,110.61000061035156,110.94000244140625,110.94000244140625,446100
2025-01-14,111.6500015258789,113.26000213623047,111.54000091552734,112.88999938964844,112.88999938964844,371400
2025-01-15,115.08000183105469,115.41000366210938,113.19000244140625,114.2300033569336,114.2300033569336,429000
2025-01-16,114.27999877929688,115.91000366210938,113.45999908447266,114.97000122070312,114.97000122070312,385600
2025-01-17,115.66999816894531,116.73999786376953,115.29000091552734,116.6500015258789,116.6500015258789,348900
2025-01-21,116.91000366210938,120.7699966430664,116.91000366210938,119.26000213623047,119.26000213623047,710100
2025-01-22,119.69000244140625,123.12000274658203,118.81999969482422,119.16000366210938,119.16000366210938,548100
2025-01-23,118.41999816894531,119.4800033569336,117.80000305175781,119.30000305175781,119.30000305175781,307800
2025-01-24,119.86000061035156,119.86000061035156,118.4000015258789,119.19999694824219,119.19999694824219,358300
2025-01-27,118.08000183105469,118.79000091552734,115.9000015258789,116.18000030517578,116.18000030517578,439800
2025-01-28,116.8499984741211,117.33999633789062,115.33000183105469,117.25,117.25,478100
2025-01-29,117.05999755859375,118.79000091552734,116.51000213623047,117.63999938964844,117.63999938964844,517000
2025-01-30,119.11000061035156,119.11000061035156,116.80999755859375,117,117,333400
2025-01-31,117.62000274658203,118.66000366210938,116.19000244140625,116.55000305175781,116.55000305175781,390000
2025-02-03,113.76000213623047,115.62000274658203,112.02999877929688,113.5,113.5,477900
2025-02-04,113.43000030517578,114.95999908447266,113.43000030517578,113.80000305175781,113.80000305175781,462700
2025-02-05,114.5199966430664,115.95999908447266,113.94000244140625,114.91000366210938,114.91000366210938,769300
2025-02-06,105.08999633789062,112.27999877929688,105,109.72000122070312,109.72000122070312,1458300
2025-02-07,109.5199966430664,110.48999786376953,105,106.9800033569336,106.9800033569336,1097300
2025-02-10,107.5199966430664,109.91999816894531,107.37999725341797,107.80000305175781,107.80000305175781,574000
2025-02-11,106.7699966430664,108.91999816894531,106.7699966430664,107.61000061035156,107.61000061035156,611800
2025-02-12,106.41000366210938,107.33999633789062,105.81999969482422,106.81999969482422,106.81999969482422,388200
2025-02-13,106.62999725341797,108.30000305175781,105.80999755859375,108.22000122070312,108.22000122070312,372300
2025-02-14,108.88999938964844,109.62000274658203,108.23999786376953,109.12000274658203,109.12000274658203,431200
2025-02-18,109.5999984741211,111.0199966430664,108.83999633789062,110.87999725341797,110.87999725341797,529500
2025-02-19,110.02999877929688,112.0199966430664,109.41000366210938,111.87999725341797,111.87999725341797,550200
2025-02-20,111.76000213623047,112.72000122070312,111.0999984741211,112.19000244140625,112.19000244140625,482600
2025-02-21,112.19000244140625,112.94000244140625,110.37999725341797,111.3499984741211,111.3499984741211,560500
2025-02-24,111.94000244140625,113.72000122070312,110.83999633789062,111.75,111.75,546300
2025-02-25,111.27999877929688,113.70999908447266,109.91000366210938,110.1500015258789,110.1500015258789,847200
2025-02-26,110.44000244140625,111.19999694824219,108.87999725341797,109.88999938964844,109.88999938964844,570300
2025-02-27,109.86000061035156,111.0199966430664,108.12000274658203,108.2699966430664,108.2699966430664,369700
2025-02-28,107.88999938964844,108.87999725341797,106.7300033569336,108.06999969482422,108.06999969482422,476100
2025-03-03,108.95999908447266,109.12999725341797,105.08000183105469,105.62999725341797,105.62999725341797,501500
2025-03-04,104.41999816894531,106.26000213623047,103.4000015258789,104.37000274658203,104.37000274658203,612300
2025-03-05,105.12000274658203,106.0199966430664,103.93000030517578,105.93000030517578,105.93000030517578,380200
2025-03-06,104.69000244140625,106.52999877929688,104.5,105.87999725341797,105.87999725341797,454500
2025-03-07,105.47000122070312,109.43000030517578,105.47000122070312,109.33999633789062,109.33999633789062,467900
2025-03-10,108.61000061035156,109.58999633789062,106.94000244140625,107.5199966430664,107.5199966430664,521400
2025-03-11,107.44000244140625,107.62000274658203,103.5,104.62000274658203,104.62000274658203,449900
2025-03-12,104.7699966430664,105.19999694824219,102.20999908447266,102.58999633789062,102.58999633789062,599100
2025-03-13,102.2699966430664,103.4800033569336,101.77999877929688,101.93000030517578,101.93000030517578,547400
2025-03-14,103.33000183105469,104.9000015258789,102.80000305175781,104.72000122070312,104.72000122070312,557000
2025-03-17,104.08000183105469,106.66999816894531,104.08000183105469,105.62999725341797,105.62999725341797,378800
2025-03-18,105.69999694824219,107.66999816894531,105.54000091552734,107.43000030517578,107.43000030517578,425500
2025-03-19,107.5,110.1500015258789,107.5,108.94000244140625,108.94000244140625,576800
2025-03-20,108.01000213623047,108.5999984741211,105.7300033569336,105.94000244140625,105.94000244140625,377200
2025-03-21,104.5199966430664,105.47000122070312,103.4800033569336,104.4000015258789,104.4000015258789,3018200
2025-03-24,106.16999816894531,108.48999786376953,105.5,108.3499984741211,108.3499984741211,575500
2025-03-25,108.5,109.05000305175781,106.7699966430664,107.0999984741211,107.0999984741211,354900
2025-03-26,107.55000305175781,107.93000030517578,106.18000030517578,106.94000244140625,106.94000244140625,399300
2025-03-27,106.06999969482422,106.06999969482422,103.70999908447266,105.36000061035156,105.36000061035156,412900
2025-03-28,104.69999694824219,104.91999816894531,102.83000183105469,103.70999908447266,103.70999908447266,343400
2025-03-31,102.76000213623047,104.33999633789062,101.79000091552734,103.83000183105469,103.83000183105469,489200
2025-04-01,103.70999908447266,104.36000061035156,102.29000091552734,103.22000122070312,103.22000122070312,361600
2025-04-02,102.37000274658203,105.19999694824219,102.18000030517578,105.16000366210938,105.16000366210938,504700
2025-04-03,101.31999969482422,102.54000091552734,95.94999694824219,96.11000061035156,96.11000061035156,668200
2025-04-04,93.30000305175781,94.97000122070312,89.44999694824219,92.33999633789062,92.33999633789062,827400
2025-04-07,89.44000244140625,93.7300033569336,86.5,90.31999969482422,90.31999969482422,1034000
2025-04-08,92.97000122070312,95.25,90.37000274658203,92.08000183105469,92.08000183105469,1746700
2025-04-09,91.54000091552734,101.83000183105469,90.86000061035156,101.01000213623047,101.01000213623047,1026700
2025-04-10,98.79000091552734,99.16999816894531,94.04000091552734,96.68000030517578,96.68000030517578,1040500
2025-04-11,96.45999908447266,98.61000061035156,94.9800033569336,97.80999755859375,97.80999755859375,554100
2025-04-14,99.87000274658203,100.77999877929688,98.11000061035156,100,100,571200
2025-04-15,99.56999969482422,101.41999816894531,99.30000305175781,100.5999984741211,100.5999984741211,818300
2025-04-16,100.12000274658203,100.94000244140625,99.11000061035156,100.48999786376953,100.48999786376953,658000
2025-04-17,100.26000213623047,102.30000305175781,100.26000213623047,102.19000244140625,102.19000244140625,512300
2025-04-21,100.83999633789062,102.62000274658203,100.72000122070312,102.20999908447266,102.20999908447266,668800
2025-04-22,103.45999908447266,105.16999816894531,102.16999816894531,104.76000213623047,104.76000213623047,636400
2025-04-23,107.20999908447266,109.38999938964844,106.61000061035156,107.77999877929688,107.77999877929688,895500
2025-04-24,108.43000030517578,112.13999938964844,107.93000030517578,112.08000183105469,112.08000183105469,527600
2025-04-25,111.9800033569336,112.06999969482422,109.94999694824219,111.72000122070312,111.72000122070312,719300
2025-04-28,111.48999786376953,113.79000091552734,111.33999633789062,112.97000122070312,112.97000122070312,729800
2025-04-29,112.5199966430664,112.9800033569336,111.0999984741211,111.37999725341797,111.37999725341797,538500
2025-04-30,109.80000305175781,111.68000030517578,107.55000305175781,111.36000061035156,111.36000061035156,1998800
2025-05-01,117.47000122070312,117.47000122070312,111.80999755859375,113.06999969482422,113.06999969482422,1288500
2025-05-02,114.70999908447266,116.88999938964844,114.70999908447266,115.1500015258789,115.1500015258789,697100
2025-05-05,114.52999877929688,117.9800033569336,114.16000366210938,116.56999969482422,116.56999969482422,652900
2025-05-06,115.33000183105469,116.77999877929688,115,115.08999633789062,115.08999633789062,512300
2025-05-07,115.4800033569336,116.16000366210938,114.44999694824219,115.45999908447266,115.45999908447266,545900
2025-05-08,116.54000091552734,119.45999908447266,116.19999694824219,118.33999633789062,118.33999633789062,466700
2025-05-09,119.08000183105469,119.38999938964844,117.48999786376953,117.93000030517578,117.93000030517578,425200
2025-05-12,122.19999694824219,123.5999984741211,121.3499984741211,121.75,121.75,658900
2025-05-13,122.37999725341797,123.19999694824219,121.19999694824219,121.22000122070312,121.22000122070312,622500
2025-05-14,120.54000091552734,121.91000366210938,120.05000305175781,120.11000061035156,120.11000061035156,537600
2025-05-15,119.41999816894531,120.76000213623047,119.2699966430664,120.58999633789062,120.58999633789062,548300
2025-05-16,120.48999786376953,122.16999816894531,120.25,121.93000030517578,121.93000030517578,491400
2025-05-19,120.30000305175781,121.5999984741211,120.13999938964844,120.93000030517578,120.93000030517578,457700
2025-05-20,121.02999877929688,122.44999694824219,120.06999969482422,120.63999938964844,120.63999938964844,425300
2025-05-21,119.30000305175781,120.47000122070312,118.48999786376953,118.69000244140625,118.69000244140625,430200
2025-05-22,118.47000122070312,119.88999938964844,117.94999694824219,119.1500015258789,119.1500015258789,316500
2025-05-23,116.66999816894531,118.36000061035156,116.3499984741211,117.12999725341797,117.12999725341797,264300
2025-05-27,118.41000366210938,120.26000213623047,117.69999694824219,119.91000366210938,119.91000366210938,345600
2025-05-28,119.56999969482422,120,118.36000061035156,118.5199966430664,118.5199966430664,312900
2025-05-29,119.30000305175781,119.30000305175781,118.05000305175781,119.2699966430664,119.2699966430664,292700
2025-05-30,117.6500015258789,118.86000061035156,117.01000213623047,118.37999725341797,118.37999725341797,539400
2025-06-02,118.0999984741211,118.16000366210938,116.12000274658203,117.51000213623047,117.51000213623047,378200
2025-06-03,117.51000213623047,120.45999908447266,116.91999816894531,120.30999755859375,120.30999755859375,345600
2025-06-04,120.81999969482422,121.72000122070312,119.80000305175781,120.05999755859375,120.05999755859375,436900
2025-06-05,120.04000091552734,121.5,119.30999755859375,120.76000213623047,120.76000213623047,518300
2025-06-06,121.97000122070312,122.4000015258789,121.25,121.93000030517578,121.93000030517578,418900
2025-06-09,122.98999786376953,124.33000183105469,122.5,123.27999877929688,123.27999877929688,620400
2025-06-10,123.81999969482422,125.72000122070312,123.41999816894531,125.08000183105469,125.08000183105469,535400
2025-06-11,125.6500015258789,125.6500015258789,124.08999633789062,124.41000366210938,124.41000366210938,456800
2025-06-12,123.30000305175781,124.30999755859375,123.16000366210938,123.5,123.5,331900
2025-06-13,121.7699966430664,123.30000305175781,121.19999694824219,122.02999877929688,122.02999877929688,792700
2025-06-16,123.13999938964844,125.1500015258789,122.37000274658203,124.83000183105469,124.83000183105469,329500
2025-06-17,123.87000274658203,125.7699966430664,123.87000274658203,124.13999938964844,124.13999938964844,381100
2025-06-18,124.23999786376953,126.63999938964844,123.0999984741211,123.48999786376953,123.48999786376953,444800
2025-06-20,124.18000030517578,124.4000015258789,122.5999984741211,123.69000244140625,123.69000244140625,758400
2025-06-23,123.79000091552734,126.37999725341797,123.69999694824219,125.95999908447266,125.95999908447266,529100
2025-06-24,126.5999984741211,128,126.45999908447266,126.55000305175781,126.55000305175781,575300
2025-06-25,126.76000213623047,127.12000274658203,125.98999786376953,127,127,345400
2025-06-26,127.7300033569336,129.08999633789062,127.47000122070312,128.27999877929688,128.27999877929688,353900
2025-06-27,128.4600067138672,128.47999572753906,126.33999633789062,127.26000213623047,127.26000213623047,561900
2025-06-30,127.55999755859375,127.69999694824219,126.41999816894531,127.43000030517578,127.43000030517578,359500
2025-07-01,127.19000244140625,131.3300018310547,127.19000244140625,129.75999450683594,129.75999450683594,457700
2025-07-02,129.75999450683594,132.08999633789062,129.2899932861328,131.94000244140625,131.94000244140625,503700
2025-07-03,132.2899932861328,133.35000610351562,131.14999389648438,132.1699981689453,132.1699981689453,240900
2025-07-07,131.25,133.50999450683594,130.13999938964844,130.2100067138672,130.2100067138672,340500
2025-07-08,130.75999450683594,133.14999389648438,130.75999450683594,132,132,507400
2025-07-09,132.4499969482422,133.16000366210938,131.13999938964844,132.57000732421875,132.57000732421875,369500
2025-07-10,133.0500030517578,134.74000549316406,132.69000244140625,133.24000549316406,133.24000549316406,492000
2025-07-11,132.25999450683594,133.1699981689453,131.1699981689453,132.16000366210938,132.16000366210938,309300
2025-07-14,131.52000427246094,132.83999633789062,131.14999389648438,131.92999267578125,131.92999267578125,262400
2025-07-15,132.74000549316406,133.00999450683594,130.30999755859375,130.5,130.5,371800
2025-07-16,130.63999938964844,131.22999572753906,129.39999389648438,130.5,130.5,277200
2025-07-17,130.8300018310547,131.6699981689453,129.83999633789062,130.72999572753906,130.72999572753906,320900
2025-07-18,131.1199951171875,131.39999389648438,129.5,130.47000122070312,130.47000122070312,403000
2025-07-21,130.80999755859375,131.6300048828125,130.3699951171875,130.3699951171875,130.3699951171875,437400
2025-07-22,130.44000244140625,131.13999938964844,129.5500030517578,130.4600067138672,130.4600067138672,430000
2025-07-23,131.25,132.14999389648438,130.1300048828125,130.3300018310547,130.3300018310547,347300
2025-07-24,129.2899932861328,129.2899932861328,127.08999633789062,127.1500015258789,127.1500015258789,317800
2025-07-25,127.43000030517578,128.10000610351562,126.52999877929688,127.80999755859375,127.80999755859375,315000
2025-07-28,128,128.75999450683594,127.70999908447266,128.7100067138672,128.7100067138672,364700
2025-07-29,129.5399932861328,131.2899932861328,129.1199951171875,130.02999877929688,130.02999877929688,385900
2025-07-30,129.61000061035156,131.02999877929688,127.12999725341797,129.77999877929688,129.77999877929688,803100
2025-07-31,126.62000274658203,130.63999938964844,115.87999725341797,116,116,1303100
2025-08-01,114.11000061035156,116.79000091552734,113.44999694824219,114.66000366210938,114.66000366210938,1038600
2025-08-04,114.69000244140625,116.7300033569336,113.86000061035156,116.11000061035156,116.11000061035156,674100
2025-08-05,119.69999694824219,119.69999694824219,116.22000122070312,117.66999816894531,117.66999816894531,489500
2025-08-06,116.62000274658203,117.30999755859375,114.19000244140625,116.20999908447266,116.20999908447266,698900
2025-08-07,117.27999877929688,118.80000305175781,116.51000213623047,118.5199966430664,118.5199966430664,555700
2025-08-08,118.80000305175781,121.4000015258789,118.0199966430664,120.88999938964844,120.88999938964844,470000
2025-08-11,120.94000244140625,121.81999969482422,119.86000061035156,119.94999694824219,119.94999694824219,419400
2025-08-12,120.55999755859375,123.51000213623047,119.91999816894531,123.4000015258789,123.4000015258789,365000
2025-08-13,124.04000091552734,128.2899932861328,123.26000213623047,127.4000015258789,127.4000015258789,587700
2025-08-14,125.95999908447266,126.7300033569336,123.7300033569336,125.86000061035156,125.86000061035156,386500
2025-08-15,126.31999969482422,126.31999969482422,123.05000305175781,123.70999908447266,123.70999908447266,311500
2025-08-18,123.8499984741211,124.6500015258789,123.33000183105469,123.48999786376953,123.48999786376953,330500
2025-08-19,123.88999938964844,125.66000366210938,123.73999786376953,125.2699966430664,125.2699966430664,470200
2025-08-20,125.6500015258789,125.6500015258789,122.93000030517578,124.93000030517578,124.93000030517578,555600
2025-08-21,123.91000366210938,124.97000122070312,123.4000015258789,124.22000122070312,124.22000122070312,268900
2025-08-22,125.13999938964844,130.4199981689453,124.55999755859375,130.07000732421875,130.07000732421875,390900
2025-08-25,130.25,130.25,128.5800018310547,128.99000549316406,128.99000549316406,287800
2025-08-26,129.3000030517578,130.0399932861328,127.01000213623047,127.01000213623047,127.01000213623047,835100
2025-08-27,126.36000061035156,128.3300018310547,126.36000061035156,127.77999877929688,127.77999877929688,523200
2025-08-28,128.3800048828125,128.3800048828125,126.26000213623047,126.81999969482422,126.81999969482422,367700
2025-08-29,126.4800033569336,127.4000015258789,126.19999694824219,126.33000183105469,126.33000183105469,450600
2025-09-02,123.73999786376953,124.55000305175781,122.58999633789062,123.58000183105469,123.58000183105469,419600
2025-09-03,123.75,124.55999755859375,122.8499984741211,124.33000183105469,124.33000183105469,391700
2025-09-04,124.33000183105469,126.83000183105469,123.9000015258789,126.69999694824219,126.69999694824219,338800
2025-09-05,127.52999877929688,128.5,126.1500015258789,127.63999938964844,127.63999938964844,426700
2025-09-08,127.44000244140625,127.44000244140625,125.22000122070312,126.0999984741211,126.0999984741211,425600
2025-09-09,126.11000061035156,126.75,124.55000305175781,126.22000122070312,126.22000122070312,452000
2025-09-10,126.1500015258789,127.87000274658203,126.12999725341797,127.05999755859375,127.05999755859375,372900
2025-09-11,127.1500015258789,129.42999267578125,126.76000213623047,129.25999450683594,129.25999450683594,358500
2025-09-12,128.82000732421875,128.82000732421875,127.08000183105469,128.33999633789062,128.33999633789062,513800
2025-09-15,128.61000061035156,129.3800048828125,127.36000061035156,127.52999877929688,127.52999877929688,319800
2025-09-16,126.93000030517578,127.55999755859375,125.58000183105469,127,127,534100
2025-09-17,120.83000183105469,122.12000274658203,118.5,119.08000183105469,119.08000183105469,1393200
2025-09-18,120.76000213623047,123.12999725341797,119.33000183105469,122.83999633789062,122.83999633789062,501000
2025-09-19,122.94999694824219,123.41000366210938,119.86000061035156,121.72000122070312,121.72000122070312,1856600
2025-09-22,121.72000122070312,122.73999786376953,120.8499984741211,121.94000244140625,121.94000244140625,666100
2025-09-23,122.68000030517578,124.05000305175781,120.72000122070312,121.04000091552734,121.04000091552734,409400
2025-09-24,121.73999786376953,122.0199966430664,120.69000244140625,120.93000030517578,120.93000030517578,343300
2025-09-25,119.86000061035156,120.01000213623047,118.25,118.83999633789062,118.83999633789062,376500
2025-09-26,119.30000305175781,121.0199966430664,118.41000366210938,120.91999816894531,120.91999816894531,331100
2025-09-29,121.62000274658203,121.62000274658203,119.29000091552734,120.58000183105469,120.58000183105469,308400
2025-09-30,120.54000091552734,121.4000015258789,119.81999969482422,121,121,363400
2025-10-01,120.68000030517578,122.01000213623047,120.22000122070312,121.69000244140625,121.69000244140625,408700
2025-10-02,122.69000244140625,123.19999694824219,121.19999694824219,122.44999694824219,122.44999694824219,372700
2025-10-03,122.66000366210938,124.4000015258789,121.52999877929688,121.58999633789062,121.58999633789062,491100
2025-10-06,123.25,123.51000213623047,121.83999633789062,122.88999938964844,122.88999938964844,285000
2025-10-07,123.58000183105469,124.05999755859375,119.51000213623047,119.56999969482422,119.56999969482422,322300
2025-10-08,118.91999816894531,120.58999633789062,117.48999786376953,120.4800033569336,120.4800033569336,400600
2025-10-09,120.48999786376953,120.6500015258789,116.75,117.80999755859375,117.80999755859375,395800
2025-10-10,118.04000091552734,118.37999725341797,113.47000122070312,113.5,113.5,477600
2025-10-13,115.5199966430664,115.5199966430664,112.8499984741211,113.6500015258789,113.6500015258789,748800
2025-10-14,112.2300033569336,116.69999694824219,112.11000061035156,115.8499984741211,115.8499984741211,642600
2025-10-15,116.7300033569336,117.75,115.41999816894531,117.4800033569336,117.4800033569336,492800
2025-10-16,117.58999633789062,119.0999984741211,117.02999877929688,118.05999755859375,118.05999755859375,600400
2025-10-17,117.73999786376953,119.27999877929688,116.68000030517578,119.1500015258789,119.1500015258789,689400
2025-10-20,120,124.9000015258789,120,124.75,124.75,581900
2025-10-21,124.75,126.61000061035156,124.45999908447266,125.33999633789062,125.33999633789062,550100
2025-10-22,124.94999694824219,125.11000061035156,119.7699966430664,120.06999969482422,120.06999969482422,500000
2025-10-23,120.02999877929688,122.33000183105469,117.76000213623047,121.11000061035156,121.11000061035156,625500
2025-10-24,122.4800033569336,123.0199966430664,119.81999969482422,119.97000122070312,119.97000122070312,376800