Date,Open,High,Low,Close,Adj Close,Volume
2023-10-26,7937,8010,7885,7949,7789.40283203125,473700
2023-10-27,7685,7965,7677,7918,7759.0244140625,627300
2023-10-30,7861,7891,7705,7771,7614.9765625,1658700
2023-10-31,7690,7787,7609,7754,7598.3173828125,744800
2023-11-01,7904,7926,7676,7715,7560.1005859375,676400
2023-11-02,7820,7820,7644,7644,7490.5263671875,834100
2023-11-06,7674,8090,7672,8022,7860.9365234375,1176200
2023-11-07,7982,7982,7773,7828,7670.83154296875,600100
2023-11-08,7998,8049,7647,7674,7519.92333984375,692100
2023-11-09,7770,7974,7683,7940,7780.5830078125,496300
2023-11-10,7899,7969,7840,7948,7788.4228515625,637800
2023-11-13,8000,8062,7923,7982,7821.73974609375,348500
2023-11-14,8093,8093,7801,7801,7644.37353515625,436800
2023-11-15,7915,7935,7821,7897,7738.4462890625,643100
2023-11-16,7747,7781,7593,7681,7526.783203125,668500
2023-11-17,7690,7725,7642,7660,7506.20458984375,483700
2023-11-20,7642,7655,7431,7456,7306.30078125,595600
2023-11-21,7431,7439,7260,7296,7149.51318359375,805400
2023-11-22,7251,7399,7211,7318,7171.0712890625,515900
2023-11-24,7311,7384,7278,7354,7206.3486328125,798100
2023-11-27,7373,7420,7159,7234,7088.7578125,535400
2023-11-28,7303,7309,7213,7272,7125.9951171875,679600
2023-11-29,7326,7338,7254,7280,7133.83447265625,457500
2023-11-30,7226,7334,7217,7315,7168.1318359375,734600
2023-12-01,7297,7332,7237,7297,7150.49365234375,317100
2023-12-04,7345,7541,7321,7399,7250.44482421875,591500
2023-12-05,7372,7484,7372,7447,7297.48095703125,825500
2023-12-06,7482,7552,7438,7532,7380.77490234375,527300
2023-12-07,7453,7601,7446,7475,7324.91943359375,562800
2023-12-08,7412,7463,7291,7389,7240.6455078125,848500
2023-12-11,7466,7566,7423,7558,7406.25244140625,381800
2023-12-12,7630,7637,7533,7578,7425.8515625,381300
2023-12-13,7622,7628,7452,7534,7382.734375,494500
2023-12-14,7525,7584,7296,7313,7166.171875,423200
2023-12-15,7250,7332,7224,7258,7112.27587890625,592600
2023-12-18,7171,7199,7068,7082,6939.81005859375,486500
2023-12-19,7232,7454,7163,7445,7295.521484375,526000
2023-12-20,7454,7558,7443,7468,7318.0595703125,570600
2023-12-21,7478,7505,7334,7338,7190.67041015625,393400
2023-12-22,7362,7394,7191,7226,7080.91845703125,352300
2023-12-25,7292,7407,7253,7360,7212.22802734375,223300
2023-12-26,7397,7413,7312,7351,7203.40869140625,209900
2023-12-27,7420,7471,7342,7432,7282.78271484375,420600
2023-12-28,7337,7445,7330,7355,7207.32861328125,278600
2023-12-29,7301,7418,7301,7383,7234.76611328125,460900
2024-01-04,7304,7552,7304,7552,7400.373046875,475300
2024-01-05,7702,7947,7702,7874,7715.908203125,1114500
2024-01-09,7933,8205,7920,8167,8003.025390625,713300
2024-01-10,8167,8365,8135,8334,8166.671875,588200
2024-01-11,8376,8435,8255,8410,8241.1474609375,578800
2024-01-12,8710,8710,8446,8599,8426.3515625,963700
2024-01-15,8684,8715,8642,8696,8521.404296875,72900
2024-01-16,8684,8715,8537,8562,8390.0947265625,453500
2024-01-17,8580,8744,8519,8553,8381.275390625,697700
2024-01-18,8649,8845,8562,8844,8666.4326171875,475900
2024-01-19,8948,9024,8811,8839,8661.533203125,590900
2024-01-22,8985,9095,8882,9055,8873.197265625,577200
2024-01-23,9050,9155,8975,9019,8837.9189453125,530600
2024-01-24,9016,9045,8785,8866,8687.9921875,555100
2024-01-25,8973,9000,8782,8853,8675.251953125,478600
2024-01-26,8838,8902,8765,8872,8693.8701171875,420100
2024-01-29,8880,8927,8817,8873,8694.8515625,427400
2024-01-30,8970,9013,8932,8953,8773.2451171875,409700
2024-01-31,8888,9139,8888,9126,8942.7705078125,456800
2024-02-01,8902,8979,8730,8846,8668.392578125,707300
2024-02-02,9335,9436,9102,9142,8958.4501953125,1531600
2024-02-05,9339,9424,9163,9368,9179.9111328125,582600
2024-02-06,9220,9486,9147,9437,9247.52734375,616000
2024-02-07,9479,9489,9204,9237,9051.54296875,413300
2024-02-08,9101,9335,9049,9272,9085.83984375,622400
2024-02-09,9356,9360,9239,9257,9071.1416015625,559300
2024-02-13,9211,9526,9191,9511,9320.041015625,441100
2024-02-14,9635,9746,9507,9682,9487.6083984375,493900
2024-02-15,9770,9903,9726,9842,9644.3955078125,514400
2024-02-16,9731,10055,9730,9856,9658.1142578125,615600
2024-02-19,9800,9940,9732,9795,9598.337890625,406500
2024-02-20,9843,9843,9598,9598,9405.294921875,418000
2024-02-21,9663,9800,9591,9645,9451.349609375,332700
2024-02-22,9686,9964,9625,9894,9695.3505859375,590000
2024-02-26,9967,10105,9964,10075,9872.7158203125,313900
2024-02-27,9950,10115,9943,10000,9799.22265625,326700
2024-02-28,10100,10245,10030,10090,9887.416015625,361900
2024-02-29,10110,10260,10070,10080,9877.6162109375,584800
2024-03-01,10150,10340,10100,10255,10049.103515625,388400
2024-03-04,10290,10435,10125,10265,10058.90234375,408900
2024-03-05,10260,10265,10060,10180,9975.6103515625,446300
2024-03-06,10010,10160,9934,10135,9931.5126953125,454900
2024-03-07,10200,10270,9945,10000,9799.22265625,502400
2024-03-08,10005,10075,9880,9920,9720.8291015625,819400
2024-03-11,9911,10010,9840,9993,9792.36328125,424000
2024-03-12,9955,10015,9812,9977,9776.6845703125,343400
2024-03-13,9976,10040,9711,9804,9607.158203125,484600
2024-03-14,9894,9894,9738,9758,9562.08203125,410200
2024-03-15,9628,9830,9620,9790,9593.4384765625,479300
2024-03-18,9998,10300,9898,10260,10054.0029296875,509500
2024-03-19,10240,10280,10065,10275,10068.701171875,284800
2024-03-21,10390,10530,10235,10400,10191.19140625,485100
2024-03-22,10335,10435,10225,10375,10166.693359375,426400
2024-03-25,10315,10365,10170,10240,10034.404296875,368200
2024-03-26,10165,10310,10125,10260,10054.0029296875,374300
2024-03-27,10310,10685,10285,10595,10382.2763671875,583900
2024-03-28,10455,10475,10155,10270,10129.771484375,489300
2024-03-29,10185,10290,10115,10260,10119.9091796875,145300
2024-04-01,10355,10450,10055,10115,9976.888671875,296700
2024-04-02,10095,10200,10025,10110,9971.95703125,310800
2024-04-03,10115,10155,9990,9998,9861.4873046875,317100
2024-04-04,10295,10390,10160,10175,10036.068359375,381300
2024-04-05,9952,10080,9914,10025,9888.1171875,286800
2024-04-08,10010,10140,9947,10000,9863.458984375,195300
2024-04-09,10000,10040,9905,9979,9842.7451171875,374800
2024-04-10,9918,9935,9706,9743,9609.9677734375,422900
2024-04-11,9593,9611,9438,9506,9376.2041015625,677200
2024-04-12,9618,9695,9427,9472,9342.6689453125,715700
2024-04-15,9280,9387,9227,9368,9240.087890625,444700
2024-04-16,9150,9395,9131,9340,9212.470703125,353200
2024-04-17,9340,9388,9229,9232,9105.9453125,300700
2024-04-18,9255,9490,9121,9419,9290.3916015625,411400
2024-04-19,9269,9363,9052,9078,8954.0478515625,484200
2024-04-22,9264,9419,9133,9374,9246.005859375,476800
2024-04-23,9373,9374,9233,9287,9160.1953125,304300
2024-04-24,9401,9509,9331,9383,9254.8837890625,366100
2024-04-25,9321,9335,9192,9260,9133.5634765625,274900
2024-04-26,9272,9489,9272,9456,9326.88671875,370400
2024-04-30,9606,9621,9448,9554,9423.5478515625,331900
2024-05-01,9499,9541,9334,9446,9317.0234375,232300
2024-05-02,9318,9432,9312,9345,9217.40234375,179400
2024-05-07,9337,9482,9332,9481,9351.5458984375,321100
2024-05-08,9359,9427,9269,9323,9195.703125,724500
2024-05-09,9299,9501,9223,9417,9288.4189453125,578500
2024-05-10,10920,10920,10130,10290,10149.5,1180300
2024-05-13,10455,10500,10085,10370,10228.4072265625,583400
2024-05-14,10495,10800,10435,10790,10642.671875,545600
2024-05-15,11025,11045,10810,10875,10726.5107421875,579500
2024-05-16,10915,11235,10850,11190,11037.2109375,435100
2024-05-17,11215,11545,11145,11455,11298.59375,510400
2024-05-20,11310,11570,11260,11320,11165.435546875,362100
2024-05-21,11445,11465,11240,11295,11140.7763671875,215400
2024-05-22,11260,11340,11135,11165,11012.5517578125,251300
2024-05-23,11160,11195,10950,11065,10913.9169921875,316900
2024-05-24,10790,10940,10680,10740,10593.3544921875,452100
2024-05-27,10670,10670,10370,10460,10317.177734375,492900
2024-05-28,10450,10615,10335,10555,10410.880859375,415700
2024-05-29,10995,10995,10745,10905,10756.1025390625,516600
2024-05-30,10850,10920,10660,10910,10761.0341796875,492200
2024-05-31,11075,11100,10820,10965,10815.283203125,1132300
2024-06-03,10955,11055,10815,10985,10835.0107421875,533200
2024-06-04,10800,11160,10800,11155,11002.6884765625,460200
2024-06-05,11080,11190,11035,11190,11037.2109375,384700
2024-06-06,11300,11430,11195,11195,11042.142578125,426200
2024-06-07,11185,11320,11120,11240,11086.5283203125,243900
2024-06-10,11275,11390,11205,11280,11125.982421875,399200
2024-06-11,11235,11360,11055,11185,11032.279296875,274800
2024-06-12,11235,11235,10925,10960,10810.3515625,387400
2024-06-13,11050,11050,10840,10890,10741.3076171875,359800
2024-06-14,10590,11025,10580,10955,10805.419921875,859300
2024-06-17,10795,10855,10680,10770,10622.9453125,321000
2024-06-18,10930,11080,10860,10990,10839.94140625,333300
2024-06-19,10995,11060,10840,10890,10741.3076171875,296500
2024-06-20,10750,10925,10630,10855,10706.78515625,358000
2024-06-21,10915,11040,10900,10970,10820.2138671875,512500
2024-06-24,10930,11010,10825,10920,10770.896484375,325200
2024-06-25,11005,11255,10980,11235,11081.5966796875,350600
2024-06-26,11310,11675,11255,11530,11372.568359375,629500
2024-06-27,11480,11560,11325,11500,11342.9775390625,492300
2024-06-28,11670,11775,11390,11580,11421.8857421875,548500
2024-07-01,11645,11705,11420,11475,11318.3193359375,276100
2024-07-02,11290,11675,11285,11665,11505.7255859375,381700
2024-07-03,11665,11750,11585,11655,11495.8623046875,246900
2024-07-04,11655,11680,11515,11525,11367.63671875,197400
2024-07-05,11615,11900,11570,11740,11579.701171875,422300
2024-07-08,11625,11700,11520,11560,11402.1591796875,496100
2024-07-09,11660,12040,11550,11850,11688.19921875,589900
2024-07-10,11870,12000,11835,11940,11776.970703125,460000
2024-07-11,12075,12245,11980,12165,11998.8984375,503200
2024-07-12,12160,12265,11800,11940,11776.970703125,957900
2024-07-16,11910,11985,11830,11950,11786.8330078125,392300
2024-07-17,12100,12195,11965,12005,11841.08203125,452000
2024-07-18,11965,12080,11885,11935,11772.0390625,356900
2024-07-19,11915,11965,11810,11920,11757.2431640625,270400
2024-07-22,11990,11990,11735,11815,11653.6767578125,220300
2024-07-23,11780,11870,11725,11735,11574.76953125,132500
2024-07-24,11620,11895,11615,11755,11594.4970703125,276200
2024-07-25,11550,11645,11460,11465,11308.4560546875,360400
2024-07-26,11330,11460,11285,11365,11209.8212890625,383400
2024-07-29,11560,11615,11400,11420,11264.0703125,290800
2024-07-30,11380,11625,11350,11620,11461.3388671875,278000
2024-07-31,11425,11495,11200,11410,11254.20703125,476000
2024-08-01,11340,11370,11005,11105,10953.3720703125,502600
2024-08-02,12005,12075,11420,11420,11264.0703125,1378500
2024-08-05,10830,10970,10015,10085,9947.298828125,1050500
2024-08-06,10810,11240,10510,11110,10958.302734375,955000
2024-08-07,10485,11545,10355,11235,11081.5966796875,1141900
2024-08-08,10940,11500,10815,11285,11130.9140625,615700
2024-08-09,11285,11555,11180,11385,11229.548828125,834800
2024-08-13,11575,11735,11525,11680,11520.5205078125,583900
2024-08-14,11480,11755,11445,11615,11456.408203125,392100
2024-08-15,11715,11760,11590,11660,11500.7939453125,252100
2024-08-16,11700,11940,11690,11850,11688.19921875,279400
2024-08-19,11855,12145,11815,11860,11698.0625,399900
2024-08-20,11990,12235,11945,12200,12033.419921875,357700
2024-08-21,12110,12510,12110,12395,12225.7568359375,476800
2024-08-22,12530,12685,12480,12660,12487.1396484375,342800
2024-08-23,12625,12755,12570,12675,12501.93359375,344700
2024-08-26,12550,12710,12370,12700,12526.5927734375,347600
2024-08-27,12845,12870,12680,12805,12630.1591796875,247200
2024-08-28,12800,12865,12690,12865,12689.33984375,227200
2024-08-29,12940,13050,12820,13000,12822.49609375,295000
2024-08-30,13085,13175,13000,13145,12965.5166015625,407200
2024-09-02,13260,13280,13060,13280,13098.6728515625,199200
2024-09-03,13200,13345,13135,13330,13147.990234375,254500
2024-09-04,13030,13175,12770,12930,12753.4521484375,531900
2024-09-05,12510,12980,12505,12825,12649.88671875,362800
2024-09-06,13140,13370,13090,13125,12945.7900390625,475000
2024-09-09,12945,13545,12840,13490,13305.806640625,587000
2024-09-10,13770,13915,13575,13700,13512.9384765625,507600
2024-09-11,13580,13695,13460,13665,13478.4169921875,525900
2024-09-12,13950,14145,13810,14085,13892.6826171875,591700
2024-09-13,14005,14070,13455,13550,13364.9873046875,811400
2024-09-17,13755,13955,13610,13840,13651.02734375,596700
2024-09-18,13850,14130,13780,13835,13646.095703125,370000
2024-09-19,14135,14295,14045,14225,14030.7705078125,431400
2024-09-20,14520,14585,14080,14250,14055.4296875,750200
2024-09-24,14550,14825,14475,14590,14390.787109375,554600
2024-09-25,14490,14575,14300,14345,14149.1328125,414000
2024-09-26,14645,15150,14625,15070,14864.232421875,898300
2024-09-27,15145,15285,14965,15270,15127.7548828125,678300
2024-09-30,14315,14725,14315,14545,14409.5087890625,882700
2024-10-01,14615,14695,14430,14545,14409.5087890625,449400
2024-10-02,14290,14380,14075,14145,14013.234375,634000
2024-10-03,14615,14615,14090,14090,13958.7470703125,472600
2024-10-04,14070,14105,13645,13675,13547.61328125,954300
2024-10-07,14085,14910,14005,14790,14652.2265625,927100
2024-10-08,14570,14895,14555,14895,14756.248046875,595200
2024-10-09,15045,15080,14680,14680,14543.2509765625,431400
2024-10-10,14880,14890,14655,14655,14518.4833984375,457600
2024-10-11,14920,14920,14640,14785,14647.2734375,549100
2024-10-15,14700,14845,14430,14430,14295.580078125,563500
2024-10-16,14355,14480,14210,14285,14151.9306640625,464800
2024-10-17,14325,14350,14100,14125,13993.4208984375,403800
2024-10-18,14125,14355,14035,14100,13968.654296875,297600
2024-10-21,14025,14220,14010,14010,13879.4931640625,265700
2024-10-22,14095,14165,13945,14000,13869.5849609375,419900
2024-10-23,14000,14075,13690,13760,13631.8212890625,359800
2024-10-24,13815,14135,13705,14120,13988.4677734375,725000
2024-10-25,13955,14030,13595,13730,13602.1005859375,480900
2024-10-28,13730,14015,13710,13900,13770.5166015625,367000
2024-10-29,13925,14160,13880,14145,14013.234375,383500
2024-10-30,14140,14195,14020,14105,13973.607421875,614500
2024-10-31,14140,14180,13960,14090,13958.7470703125,603300
2024-11-01,14295,14295,13645,13775,13646.681640625,706200
2024-11-05,13995,14000,13405,13585,13458.4521484375,458000
2024-11-06,13590,14190,13565,14190,14057.8154296875,568100
2024-11-07,14390,14450,14005,14180,14047.908203125,431800
2024-11-08,14335,14760,14260,14680,14543.2509765625,573700
2024-11-11,14540,14895,14500,14880,14741.3876953125,302400
2024-11-12,14960,15080,14555,14625,14488.763671875,446000
2024-11-13,14560,14615,14155,14305,14171.744140625,418100
2024-11-14,14470,14645,14350,14410,14275.7666015625,327800
2024-11-15,14680,14770,14465,14465,14330.25390625,306700
2024-11-18,14260,14560,14245,14430,14295.580078125,268800
2024-11-19,14635,14670,14390,14450,14315.3935546875,254200
2024-11-20,14400,14520,14265,14500,14364.927734375,243800
2024-11-21,14330,14500,14275,14300,14166.791015625,256900
2024-11-22,14375,14760,14320,14675,14538.2978515625,360800
2024-11-25,14745,14880,14630,14865,14726.5283203125,884700
2024-11-26,14635,14745,14360,14660,14523.4375,377700
2024-11-27,14585,14780,14480,14710,14572.9716796875,311500
2024-11-28,14630,14750,14560,14685,14548.205078125,240500
2024-11-29,14800,14825,14540,14775,14637.3662109375,256400
2024-12-02,14850,15010,14745,14960,14820.6435546875,297700
2024-12-03,14800,15295,14795,15235,15093.08203125,455300
2024-12-04,15250,15620,15160,15570,15424.9609375,371800
2024-12-05,15680,15695,15450,15580,15434.8671875,319900
2024-12-06,15520,15605,15030,15110,14969.24609375,348700
2024-12-09,15280,15365,15185,15365,15221.8701171875,320700
2024-12-10,15350,15365,14790,15170,15028.6865234375,317500
2024-12-11,15280,15320,15135,15240,15098.03515625,286100
2024-12-12,15320,15350,15090,15090,14949.431640625,380400
2024-12-13,15090,15365,15080,15125,14984.10546875,522600
2024-12-16,15075,15120,14800,15075,14934.5712890625,203300
2024-12-17,15150,15540,15050,15295,15152.5224609375,265600
2024-12-18,15300,15330,15010,15065,14924.6650390625,286300
2024-12-19,14940,15140,14835,15130,14989.05859375,287000
2024-12-20,15130,15130,14800,14905,14766.1552734375,514700
2024-12-23,15010,15090,14910,14910,14771.109375,170200
2024-12-24,14950,14955,14735,14915,14776.0625,199600
2024-12-25,14915,14965,14560,14575,14439.2294921875,342000
2024-12-26,14675,14865,14560,14865,14726.5283203125,240800
2024-12-27,14890,15120,14820,15005,14865.2236328125,420400
2024-12-30,15010,15045,14790,14800,14662.1328125,369500
2025-01-06,14615,14785,14440,14485,14350.068359375,410600
2025-01-07,14485,14625,14270,14270,14137.0703125,358500
2025-01-08,14190,14215,13930,14150,14018.1884765625,373600
2025-01-09,14145,14305,14090,14265,14132.1171875,323000
2025-01-10,14290,14355,14125,14185,14052.8623046875,529400
2025-01-14,14130,14380,13955,14105,13973.607421875,419200
2025-01-15,14360,14385,14110,14240,14107.349609375,338300
2025-01-16,14370,14410,14110,14125,13993.4208984375,316500
2025-01-17,13955,14005,13640,13845,13716.029296875,453200
2025-01-20,13820,13980,13675,13720,13592.193359375,265100
2025-01-21,13770,13775,13530,13720,13592.193359375,311800
2025-01-22,13650,13755,13550,13755,13626.8671875,434400
2025-01-23,13715,13950,13620,13725,13597.1474609375,389600
2025-01-24,13930,13980,13745,13745,13616.9609375,366400
2025-01-27,14045,14115,13760,13825,13696.2158203125,493200
2025-01-28,13900,14335,13725,14250,14117.2568359375,570100
2025-01-29,14260,14410,14260,14345,14211.3720703125,300900
2025-01-30,14435,14610,14250,14515,14379.7880859375,443900
2025-01-31,14600,14605,14290,14320,14186.6044921875,484200
2025-02-03,14850,16610,14740,16345,16192.7412109375,1820300
2025-02-04,17015,17545,16640,17545,17381.5625,1228900
2025-02-05,17600,18245,17560,18240,18070.087890625,1051800
2025-02-06,18115,18980,18020,18980,18803.1953125,793000
2025-02-07,18915,18955,18435,18445,18273.177734375,596700
2025-02-10,18415,18595,18235,18420,18248.412109375,382000
2025-02-12,18570,18655,18090,18335,18164.203125,549500
2025-02-13,18345,18730,18265,18640,18466.361328125,380900
2025-02-14,18560,18780,18490,18725,18550.5703125,444800
2025-02-17,18800,18855,18430,18480,18307.853515625,312900
2025-02-18,18545,19110,18505,19000,18823.0078125,328300
2025-02-19,19195,19645,19040,19110,18931.984375,456500
2025-02-20,18980,19145,18510,18660,18486.177734375,494700
2025-02-21,18685,18940,18680,18780,18605.05859375,422200
2025-02-25,18500,18675,18375,18590,18416.828125,410900
2025-02-26,18415,18460,18050,18300,18129.529296875,575500
2025-02-27,18275,18545,18175,18430,18258.318359375,290500
2025-02-28,18430,18600,18025,18295,18124.576171875,642500
2025-03-03,18535,18845,18140,18705,18530.7578125,349000
2025-03-04,18780,18880,18050,18415,18243.458984375,413500
2025-03-05,18015,18155,17560,17795,17629.232421875,530500
2025-03-06,17970,18275,17815,18235,18065.134765625,384600
2025-03-07,17870,17945,16935,16935,16777.244140625,621900
2025-03-10,16935,17030,16530,16735,16579.107421875,432900
2025-03-11,16335,17035,16105,16950,16792.10546875,505000
2025-03-12,17240,17415,16870,17260,17099.21875,544000
2025-03-13,17400,17440,16710,16885,16727.7109375,581400
2025-03-14,16755,17335,16670,17135,16975.380859375,758600
2025-03-17,17470,17570,17300,17420,17257.7265625,347500
2025-03-18,17550,17735,17355,17520,17356.794921875,325800
2025-03-19,17525,17760,17435,17480,17317.16796875,309100
2025-03-21,17450,17720,17365,17695,17530.1640625,635800
2025-03-24,17990,18060,17760,17775,17609.419921875,422100
2025-03-25,17780,18170,17660,18145,17975.97265625,417700
2025-03-26,18545,18960,18215,18215,18045.322265625,611800
2025-03-27,18070,18510,18005,18325,18154.296875,575100
2025-03-28,18370,18480,18040,18375,18303.212890625,443300
2025-03-31,17730,17930,17475,17580,17511.318359375,698900
2025-04-01,17910,18085,17365,17425,17356.923828125,533900
2025-04-02,17825,18020,17580,17920,17849.990234375,514400
2025-04-03,17190,17785,17180,17630,17561.123046875,643400
2025-04-04,16830,17700,16830,17640,17571.083984375,642600
2025-04-07,16990,17370,16250,16725,16659.658203125,1235100
2025-04-08,17385,17725,17060,17500,17431.630859375,585800
2025-04-09,17400,17610,16735,16960,16893.740234375,575100
2025-04-10,18160,18885,17845,18835,18761.416015625,667600
2025-04-11,17635,18430,17635,18300,18228.505859375,745900
2025-04-14,18300,19095,18300,18835,18761.416015625,392200
2025-04-15,19095,19095,18570,18710,18636.904296875,292500
2025-04-16,18890,19095,18680,18810,18736.513671875,367000
2025-04-17,18900,19375,18890,19155,19080.166015625,388500
2025-04-18,19145,19950,19050,19935,19857.119140625,490100
2025-04-21,19840,20180,19755,19940,19862.099609375,562900
2025-04-22,19755,20040,19570,19875,19797.353515625,564200
2025-04-23,20275,20300,19710,19735,19657.900390625,617900
2025-04-24,19730,19770,18985,19080,19005.458984375,572600
2025-04-25,19205,19600,19025,19285,19209.658203125,461100
2025-04-28,19190,19560,19190,19425,19349.111328125,294800
2025-04-30,19635,20350,19560,20350,20270.49609375,592900
2025-05-01,20290,20595,20200,20450,20370.10546875,319500
2025-05-02,20535,20800,20450,20760,20678.89453125,379100
2025-05-07,20755,20955,20625,20820,20738.66015625,586600
2025-05-08,20850,21070,20195,20410,20330.26171875,551000
2025-05-09,20210,20670,19370,20295,20215.7109375,1438500
2025-05-12,20230,20230,19260,19295,19219.619140625,713100
2025-05-13,19485,19600,19000,19040,18965.615234375,742900
2025-05-14,19100,19365,18640,18890,18816.201171875,512000
2025-05-15,18890,18970,18550,18820,18746.474609375,419500
2025-05-16,18990,19795,18850,19605,19528.408203125,574100
2025-05-19,19365,19440,19025,19440,19364.052734375,398800
2025-05-20,19840,20150,19010,19225,19149.892578125,474300
2025-05-21,19260,19260,18935,18935,18861.025390625,395100
2025-05-22,18665,18965,18570,18820,18746.474609375,530500
2025-05-23,18980,19405,18915,19345,19269.423828125,401400
2025-05-26,19460,20215,19380,20215,20136.0234375,538400
2025-05-27,20080,20280,19860,20235,20155.9453125,363800
2025-05-28,20145,20400,20005,20005,19926.845703125,356400
2025-05-29,20150,20175,19855,20075,19996.5703125,315700
2025-05-30,19760,19935,19520,19655,19578.212890625,794900
2025-06-02,19500,20220,19465,19885,19807.314453125,463200
2025-06-03,19970,20190,19750,19750,19672.841796875,304100
2025-06-04,19835,20295,19800,20215,20136.0234375,512800
2025-06-05,20300,20690,19730,19730,19652.919921875,504300
2025-06-06,19705,19935,19465,19740,19662.880859375,338600
2025-06-09,19790,20195,19785,20065,19986.609375,271300
2025-06-10,20065,20460,19955,20415,20335.2421875,411700
2025-06-11,20285,20350,19730,19840,19762.490234375,430200
2025-06-12,19730,20225,19725,20020,19941.787109375,326300
2025-06-13,20490,20580,20040,20525,20444.8125,870900
2025-06-16,20680,20835,20510,20815,20733.6796875,379000
2025-06-17,20820,21320,20820,21280,21196.86328125,427700
2025-06-18,21190,21920,21190,21685,21600.28125,500500
2025-06-19,21505,22095,21500,21970,21884.16796875,346200
2025-06-20,22000,22010,21495,21780,21694.91015625,641900
2025-06-23,21905,22125,21510,22020,21933.97265625,307500
2025-06-24,22295,22410,21980,22195,22108.2890625,415100
2025-06-25,22215,22540,21935,22440,22352.33203125,527000
2025-06-26,22425,22675,22185,22375,22287.5859375,465300
2025-06-27,22300,22690,22170,22675,22586.4140625,432200
2025-06-30,22755,23170,22620,22815,22725.8671875,558600
2025-07-01,23085,23170,22560,22670,22581.43359375,404000
2025-07-02,22170,22245,21020,21115,21032.5078125,989000
2025-07-03,21000,21215,20150,20210,20131.04296875,1250600
2025-07-04,20435,20705,20335,20510,20429.87109375,571400
2025-07-07,20350,20690,20330,20585,20504.578125,325700
2025-07-08,20700,20765,20385,20520,20439.83203125,472700
2025-07-09,20245,20350,19685,20200,20121.08203125,625900
2025-07-10,20100,20300,19910,20150,20071.27734375,498300
2025-07-11,20355,20450,19915,19915,19837.197265625,511600
2025-07-14,19895,19915,19610,19760,19682.802734375,416500
2025-07-15,19980,20045,19515,19830,19752.529296875,506500
2025-07-16,20000,20230,19590,20115,20036.4140625,473100
2025-07-17,20085,20465,20000,20420,20340.22265625,334900
2025-07-18,20670,20740,20390,20645,20564.34375,395500
2025-07-22,20660,20900,20210,20315,20235.6328125,477900
2025-07-23,20295,20310,19840,20255,20175.8671875,712100
2025-07-24,20650,20745,20180,20475,20395.0078125,594900
2025-07-25,20800,21085,20065,20225,20145.984375,502700
2025-07-28,20340,20380,20035,20175,20096.1796875,304900
2025-07-29,20375,20435,20065,20415,20335.2421875,409500
2025-07-30,20450,20535,20205,20355,20275.4765625,309300
2025-07-31,20550,20650,19920,20520,20439.83203125,604100
2025-08-01,22240,22670,21340,22580,22491.78515625,1219900
2025-08-04,22500,22665,22060,22515,22427.0390625,552400
2025-08-05,22700,23265,22430,23060,22969.91015625,545600
2025-08-06,23055,23510,22900,23500,23408.19140625,468100
2025-08-07,23695,24430,23500,24270,24175.181640625,729500
2025-08-08,24275,24750,24155,24560,24464.048828125,712400
2025-08-12,24530,25545,24510,25240,25141.392578125,716000
2025-08-13,25400,26020,25140,25140,25041.783203125,841000
2025-08-14,25035,25135,24745,24890,24792.759765625,495500
2025-08-15,25190,25380,24920,25315,25216.099609375,424300
2025-08-18,25570,26010,25350,25620,25519.908203125,541600
2025-08-19,25430,25455,24560,24680,24583.580078125,529400
2025-08-20,24745,24775,23835,23980,23886.314453125,514600
2025-08-21,24145,24395,23930,24235,24140.318359375,404700
2025-08-22,23975,24370,23750,24345,24249.888671875,435800
2025-08-25,24325,24350,23455,23455,23363.3671875,462000
2025-08-26,23460,23500,23045,23045,22954.96875,503300
2025-08-27,22950,23050,22450,22630,22541.58984375,458400
2025-08-28,22625,22775,22340,22400,22312.48828125,431000
2025-08-29,22500,22660,22310,22405,22317.46875,425700
2025-09-01,22185,22190,21605,21905,21819.421875,514200
2025-09-02,22100,22405,21950,22040,21953.89453125,405600
2025-09-03,22040,22230,21900,22110,22023.62109375,368700
2025-09-04,22170,22280,21910,22170,22083.38671875,347400
2025-09-05,22435,22565,21800,21840,21754.67578125,415200
2025-09-08,21840,22030,21500,21835,21749.6953125,583900
2025-09-09,21830,22120,21620,21680,21595.30078125,378000
2025-09-10,22125,22625,22055,22325,22237.78125,674400
2025-09-11,22225,22500,21935,22245,22158.09375,470700
2025-09-12,22690,22695,22045,22190,22103.30859375,699000
2025-09-16,22020,22365,21935,22205,22118.25,386200
2025-09-17,21950,22190,21850,22080,21993.73828125,325900
2025-09-18,21970,22080,21715,21860,21774.59765625,367300
2025-09-19,22035,22310,21370,21395,21311.4140625,733800
2025-09-22,21675,22085,21155,21235,21152.0390625,477000
2025-09-24,21645,21780,21305,21360,21276.55078125,436000
2025-09-25,21170,21510,20930,21060,20977.72265625,512700
2025-09-26,21230,21830,21070,21245,21162,553000
2025-09-29,20950,21225,20735,20905,20905,513200
2025-09-30,20725,21500,20700,21350,21350,638500
2025-10-01,21350,21985,21340,21825,21825,608300
2025-10-02,21570,21760,21005,21445,21445,478900
2025-10-03,21200,22080,21200,21920,21920,501800
2025-10-06,22420,22730,22165,22465,22465,641700
2025-10-07,22380,22575,22055,22450,22450,485400
2025-10-08,22670,23245,22595,22690,22690,537000
2025-10-09,23065,23085,22420,22545,22545,399100
2025-10-10,22565,22760,22255,22335,22335,691100
2025-10-14,21835,22035,21350,21560,21560,671100
2025-10-15,21690,22440,21690,21870,21870,397100
2025-10-16,22040,22270,21795,22025,22025,359000
2025-10-17,21525,21955,21525,21805,21805,403400
2025-10-20,22415,22455,22135,22210,22210,404400
2025-10-21,22500,23000,22035,22880,22880,556900
2025-10-22,22675,23030,22450,22450,22450,461000
2025-10-23,22610,22670,22060,22200,22200,396300
2025-10-24,22335,22540,22105,22305,22305,260400