Date,Open,High,Low,Close,Adj Close,Volume
2023-10-25,56.0099983215332,56.41999816894531,55.630001068115234,55.970001220703125,49.6508903503418,2382300
2023-10-26,55.70000076293945,56.47999954223633,55.65999984741211,56.119998931884766,49.78395080566406,3089000
2023-10-27,56.18000030517578,56.400001525878906,55.20000076293945,55.40999984741211,49.154117584228516,3930100
2023-10-30,55.95000076293945,56.40999984741211,55.79999923706055,56.16999816894531,49.82830810546875,2345400
2023-10-31,56.25,56.470001220703125,55.83000183105469,56.150001525878906,49.81056594848633,2739100
2023-11-01,56.349998474121094,56.63999938964844,55.83000183105469,56.5,50.121055603027344,2713000
2023-11-02,57.75,59.0099983215332,57.2599983215332,58.880001068115234,52.23234939575195,3577500
2023-11-03,59.45000076293945,59.790000915527344,59.130001068115234,59.16999816894531,52.489601135253906,3618000
2023-11-06,59.349998474121094,59.619998931884766,58.900001525878906,59.2400016784668,52.55170440673828,2334600
2023-11-07,59,59.290000915527344,58.81999969482422,59.130001068115234,52.45412063598633,1608800
2023-11-08,58.95000076293945,59.47999954223633,58.560001373291016,58.630001068115234,52.01057052612305,2292200
2023-11-09,58.970001220703125,59.470001220703125,58.939998626708984,58.97999954223633,52.3210563659668,1300000
2023-11-10,59.06999969482422,59.189998626708984,58.630001068115234,58.95000076293945,52.29444122314453,2362600
2023-11-13,58.84000015258789,59.5,58.77000045776367,59.150001525878906,52.471858978271484,2189200
2023-11-14,60.04999923706055,60.59000015258789,59.88999938964844,60.22999954223633,53.429931640625,3808700
2023-11-15,60.58000183105469,60.959999084472656,60.119998931884766,60.5099983215332,53.67831039428711,3608200
2023-11-16,60.59000015258789,60.65999984741211,60.029998779296875,60.56999969482422,53.73154830932617,3146000
2023-11-17,60.95000076293945,61.29999923706055,60.810001373291016,61.09000015258789,54.192832946777344,3664400
2023-11-20,61.15999984741211,61.18000030517578,60.75,60.9900016784668,54.104122161865234,2694900
2023-11-21,60.91999816894531,61.189998626708984,60.380001068115234,60.40999984741211,53.589599609375,2045600
2023-11-22,60.45000076293945,60.63999938964844,60.04999923706055,60.16999816894531,53.37670135498047,1834000
2023-11-23,60.189998626708984,60.47999954223633,60.150001525878906,60.16999816894531,53.37670135498047,554700
2023-11-24,59.95000076293945,60.31999969482422,59.7599983215332,60.130001068115234,53.341217041015625,2327100
2023-11-27,60,60.31999969482422,59.59000015258789,60.25,53.44766616821289,3245400
2023-11-28,57.439998626708984,58.43000030517578,56.83000183105469,57.56999969482422,51.070247650146484,8456100
2023-11-29,58,59.88999938964844,57.880001068115234,59.709999084472656,52.968631744384766,4258800
2023-11-30,60,60.77000045776367,59.65999984741211,60.70000076293945,53.846866607666016,7408200
2023-12-01,60.599998474121094,61.02000045776367,60.25,61,54.11299133300781,4458500
2023-12-04,60.65999984741211,61.06999969482422,60.43000030517578,60.75,53.89121627807617,4312100
2023-12-05,60.5,60.599998474121094,59.83000183105469,60.2599983215332,53.45653533935547,5786700
2023-12-06,60.5,60.86000061035156,59.65999984741211,59.709999084472656,52.968631744384766,4715900
2023-12-07,59.83000183105469,60.41999816894531,59.619998931884766,60.13999938964844,53.3500862121582,4070500
2023-12-08,60.15999984741211,60.93000030517578,60.15999984741211,60.900001525878906,54.02428436279297,3490200
2023-12-11,60.91999816894531,61,60.36000061035156,60.939998626708984,54.05976486206055,4710100
2023-12-12,60.869998931884766,61.0099983215332,60.5,60.939998626708984,54.05976486206055,2770300
2023-12-13,60.7400016784668,62.150001525878906,60.27000045776367,62.08000183105469,55.07106018066406,6076100
2023-12-14,62.5,63.45000076293945,62.459999084472656,63.16999816894531,56.03799819946289,7862500
2023-12-15,63.54999923706055,63.59000015258789,61.91999816894531,61.9900016784668,54.99121856689453,19646800
2023-12-18,62.209999084472656,62.59000015258789,62.029998779296875,62.38999938964844,55.34605407714844,6369300
2023-12-19,62.5,63.25,62.5,62.9900016784668,55.87832260131836,3786900
2023-12-20,63.040000915527344,63.470001220703125,62.09000015258789,62.349998474121094,55.310577392578125,6236900
2023-12-21,62.65999984741211,63.38999938964844,62.650001525878906,62.91999816894531,55.81622314453125,4484100
2023-12-22,63.09000015258789,63.470001220703125,63.040000915527344,63.31999969482422,56.17106246948242,3633600
2023-12-27,63.36000061035156,64.16000366210938,63.36000061035156,63.900001525878906,56.685577392578125,7947600
2023-12-28,63.880001068115234,64.29000091552734,63.81999969482422,64.2300033569336,56.97832107543945,6334100
2023-12-29,64.29000091552734,64.58999633789062,64.0999984741211,64.5,57.217830657958984,4236200
2024-01-02,63.18000030517578,63.68000030517578,62.91999816894531,63.33000183105469,57.118629455566406,8954800
2024-01-03,63,63.04999923706055,62.540000915527344,62.720001220703125,56.56845474243164,4734300
2024-01-04,62.779998779296875,63.5,62.689998626708984,63.09000015258789,56.90216827392578,5137700
2024-01-05,63.119998931884766,63.650001525878906,63.0099983215332,63.40999984741211,57.1907844543457,3754400
2024-01-08,63.380001068115234,64.2699966430664,63.349998474121094,64.19000244140625,57.894287109375,5157400
2024-01-09,64.12000274658203,64.12000274658203,63.20000076293945,63.619998931884766,57.380184173583984,3467300
2024-01-10,63.4900016784668,63.869998931884766,63.4900016784668,63.599998474121094,57.362144470214844,3439000
2024-01-11,63.47999954223633,63.54999923706055,62.2599983215332,62.7400016784668,56.58649444580078,4770200
2024-01-12,62.79999923706055,63.369998931884766,62.599998474121094,62.90999984741211,56.73982238769531,4563700
2024-01-15,62.86000061035156,63.08000183105469,62.560001373291016,62.939998626708984,56.766876220703125,2510200
2024-01-16,62.599998474121094,62.709999084472656,62.209999084472656,62.650001525878906,56.50532150268555,4343600
2024-01-17,62.119998931884766,62.380001068115234,61.77000045776367,61.97999954223633,55.901031494140625,4079900
2024-01-18,62.11000061035156,62.220001220703125,61.13999938964844,61.310001373291016,55.296756744384766,4743000
2024-01-19,61.43000030517578,62.130001068115234,61.18000030517578,62.02000045776367,55.93710708618164,3955800
2024-01-22,62.15999984741211,62.29999923706055,61.310001373291016,61.79999923706055,55.73869323730469,4633800
2024-01-23,61.9900016784668,62.029998779296875,60.83000183105469,61.150001525878906,55.152442932128906,2605300
2024-01-24,61.459999084472656,61.939998626708984,61.220001220703125,61.66999816894531,55.621437072753906,2846600
2024-01-25,61.68000030517578,61.95000076293945,61.279998779296875,61.86000061035156,55.79280471801758,4041900
2024-01-26,61.91999816894531,62.45000076293945,61.869998931884766,62.380001068115234,56.261802673339844,5676800
2024-01-29,62.29999923706055,62.7599983215332,61.90999984741211,62.72999954223633,56.57747268676758,3160900
2024-01-30,62.75,63.22999954223633,62.47999954223633,62.88999938964844,56.72178268432617,5067300
2024-01-31,62.5,63.09000015258789,62.5,62.869998931884766,56.703739166259766,4435500
2024-02-01,62.81999969482422,63.529998779296875,62.209999084472656,63.43000030517578,57.20882034301758,3577400
2024-02-02,63.099998474121094,63.279998779296875,62.709999084472656,63.11000061035156,56.920204162597656,2503500
2024-02-05,62.9900016784668,63.029998779296875,62.310001373291016,62.59000015258789,56.45120620727539,3129600
2024-02-06,62.56999969482422,63.06999969482422,62.5099983215332,62.970001220703125,56.7939338684082,2912400
2024-02-07,62.9900016784668,63.029998779296875,62.5099983215332,62.540000915527344,56.40611267089844,1623700
2024-02-08,62.5,62.54999923706055,61.56999969482422,61.709999084472656,55.65751266479492,2111200
2024-02-09,61.70000076293945,63.27000045776367,61.70000076293945,63.2599983215332,57.05549240112305,2999600
2024-02-12,63.31999969482422,63.95000076293945,63.20000076293945,63.779998779296875,57.52449035644531,2568900
2024-02-13,63.209999084472656,63.439998626708984,62.25,62.84000015258789,56.67668914794922,3890000
2024-02-14,63.27000045776367,63.650001525878906,63.06999969482422,63.380001068115234,57.163719177246094,2604300
2024-02-15,63.5,64.05999755859375,63.220001220703125,63.619998931884766,57.380184173583984,2838900
2024-02-16,63.619998931884766,64.1500015258789,63.5,63.86000061035156,57.59664535522461,2180600
2024-02-20,63.7400016784668,64.30999755859375,63.72999954223633,64.12999725341797,57.84016418457031,4466300
2024-02-21,63.939998626708984,64.20999908447266,63.709999084472656,63.900001525878906,57.63272476196289,1384000
2024-02-22,64.16000366210938,64.41000366210938,63.869998931884766,63.88999938964844,57.62370681762695,2791200
2024-02-23,64,64.4800033569336,63.9900016784668,64.26000213623047,57.95741271972656,2838900
2024-02-26,64.19000244140625,64.48999786376953,63.560001373291016,63.869998931884766,57.60566329956055,2487600
2024-02-27,64.87000274658203,66.5999984741211,64.83999633789062,65.9000015258789,59.43656539916992,9925900
2024-02-28,65.86000061035156,65.94999694824219,64.88999938964844,65.08000183105469,58.696983337402344,3879600
2024-02-29,65.37000274658203,65.9000015258789,65.05999755859375,65.80999755859375,59.355384826660156,5849000
2024-03-01,66.06999969482422,66.38999938964844,65.80999755859375,65.9800033569336,59.508724212646484,2864600
2024-03-04,65.97000122070312,66.86000061035156,65.87000274658203,66.66000366210938,60.12202453613281,4150300
2024-03-05,66.61000061035156,67.41999816894531,66.58999633789062,67.23999786376953,60.64513397216797,4281100
2024-03-06,67.51000213623047,67.75,67.02999877929688,67.16000366210938,60.57298278808594,2187000
2024-03-07,67.41000366210938,67.62999725341797,66.97000122070312,67.48999786376953,60.8706169128418,1992500
2024-03-08,67.5,67.79000091552734,67.38999938964844,67.63999938964844,61.00590133666992,2466200
2024-03-11,67.4800033569336,67.55999755859375,67.12999725341797,67.33000183105469,60.72631072998047,3303500
2024-03-12,67.5,67.58000183105469,67.22000122070312,67.41000366210938,60.79846954345703,2133800
2024-03-13,67.4000015258789,67.93000030517578,67.4000015258789,67.70999908447266,61.06903839111328,5358300
2024-03-14,67.76000213623047,67.9000015258789,66.55000305175781,66.97000122070312,60.40161895751953,7628600
2024-03-15,66.7300033569336,67.7699966430664,66.68000030517578,67.44000244140625,60.82551956176758,10396500
2024-03-18,67.5,67.55999755859375,67.02999877929688,67.27999877929688,60.68121337890625,5143200
2024-03-19,67.5,67.69999694824219,67.1500015258789,67.16999816894531,60.58200454711914,3550200
2024-03-20,67.02999877929688,67.91999816894531,66.75,67.83999633789062,61.186279296875,5095700
2024-03-21,68.05000305175781,68.68000030517578,68.02999877929688,68.30000305175781,61.60117721557617,4876100
2024-03-22,68.5,68.66999816894531,68.19999694824219,68.37999725341797,61.67332077026367,4931500
2024-03-25,68.19000244140625,68.7699966430664,68.19000244140625,68.36000061035156,61.65528106689453,4597700
2024-03-26,68.56999969482422,68.88999938964844,68.43000030517578,68.45999908447266,61.7454833984375,6602000
2024-03-27,68.61000061035156,69.43000030517578,68.61000061035156,69.41999816894531,62.61132049560547,3724000
2024-03-28,69.41000366210938,70.4000015258789,69.31999969482422,70.06999969482422,63.19757843017578,4889100
2024-04-01,68.9000015258789,69.05000305175781,68.08999633789062,68.3499984741211,62.59316635131836,5409000
2024-04-02,67.94999694824219,68.12000274658203,67.48999786376953,67.66000366210938,61.96127700805664,5972200
2024-04-03,67.56999969482422,68.19000244140625,67.5,67.9800033569336,62.25433349609375,6735400
2024-04-04,68.3499984741211,68.66999816894531,67.62999725341797,67.66000366210938,61.96127700805664,4519600
2024-04-05,67.75,68.2699966430664,67.62999725341797,67.94000244140625,62.217689514160156,5347600
2024-04-08,68.05000305175781,68.45999908447266,68,68.45999908447266,62.69389724731445,2137400
2024-04-09,68.43000030517578,68.63999938964844,67.81999969482422,68.4800033569336,62.712215423583984,1838800
2024-04-10,67.9000015258789,67.98999786376953,66.80000305175781,67.04000091552734,61.39350128173828,7622500
2024-04-11,67.05999755859375,67.33000183105469,66.56999969482422,66.9800033569336,61.33855056762695,4446500
2024-04-12,66.77999877929688,67.05000305175781,66.23999786376953,66.41000366210938,60.81656265258789,3164100
2024-04-15,66.72000122070312,67.05999755859375,65.25,65.47000122070312,59.955726623535156,5672900
2024-04-16,65.29000091552734,65.31999969482422,64.01000213623047,64.08000183105469,58.68280792236328,4022900
2024-04-17,64.18000030517578,64.80000305175781,63.900001525878906,64.22000122070312,58.81101608276367,2772000
2024-04-18,64.22000122070312,64.56999969482422,63.849998474121094,64.13999938964844,58.73774719238281,4378100
2024-04-19,64.12999725341797,64.66000366210938,63.97999954223633,64.27999877929688,58.86595916748047,3709900
2024-04-22,64.48999786376953,64.61000061035156,64.05000305175781,64.51000213623047,59.07659149169922,5625100
2024-04-23,64.54000091552734,64.66999816894531,64.22000122070312,64.5999984741211,59.15900802612305,3075700
2024-04-24,64.52999877929688,64.72000122070312,63.900001525878906,64.12000274658203,58.71943664550781,9627100
2024-04-25,63.540000915527344,63.56999969482422,62.560001373291016,63.150001525878906,57.83113479614258,7667200
2024-04-26,63.20000076293945,63.66999816894531,63.099998474121094,63.619998931884766,58.26154708862305,3202100
2024-04-29,63.59000015258789,63.81999969482422,63.099998474121094,63.47999954223633,58.133338928222656,4867800
2024-04-30,63.2400016784668,63.52000045776367,63.099998474121094,63.15999984741211,57.84028625488281,3382200
2024-05-01,63,63.90999984741211,63,63.68000030517578,58.316497802734375,3287200
2024-05-02,63.70000076293945,63.900001525878906,63,63.29999923706055,57.96849822998047,4193500
2024-05-03,63.75,64.27999877929688,63.63999938964844,64.12999725341797,58.72859191894531,3735000
2024-05-06,64.5,64.8499984741211,64.0999984741211,64.81999969482422,59.360477447509766,2307000
2024-05-07,64.98999786376953,65.13999938964844,64.52999877929688,64.69000244140625,59.24142837524414,3380700
2024-05-08,64.41999816894531,65.66999816894531,64.41999816894531,65.63999938964844,60.111412048339844,3862700
2024-05-09,65.62000274658203,65.88999938964844,65.51000213623047,65.55000305175781,60.02899169921875,1796500
2024-05-10,65.5199966430664,65.94000244140625,65.47000122070312,65.66999816894531,60.138885498046875,1934600
2024-05-13,65.7699966430664,65.91000366210938,65.69999694824219,65.7300033569336,60.19383239746094,2085500
2024-05-14,65.9000015258789,66.16999816894531,65.4800033569336,65.52999877929688,60.01066970825195,1728500
2024-05-15,65.66999816894531,66.16000366210938,65.6500015258789,65.98999786376953,60.43193435668945,1646800
2024-05-16,65.98999786376953,66.16000366210938,65.69999694824219,65.69999694824219,60.16635513305664,2261200
2024-05-17,65.87999725341797,66.04000091552734,65.62000274658203,65.91000366210938,60.358673095703125,2691200
2024-05-21,65.6500015258789,66.30999755859375,65.58999633789062,66.20999908447266,60.63339614868164,2347100
2024-05-22,65.93000030517578,65.98999786376953,65.06999969482422,65.16000366210938,59.67184066772461,1931500
2024-05-23,65.38999938964844,65.66000366210938,64.6500015258789,64.9800033569336,59.50700378417969,2294800
2024-05-24,65.0999984741211,65.48999786376953,64.91999816894531,65.2699966430664,59.7725715637207,2723500
2024-05-27,65.30999755859375,65.77999877929688,65.30999755859375,65.58999633789062,60.06562042236328,968600
2024-05-28,65,66.05000305175781,64.83999633789062,65.04000091552734,59.561946868896484,3763600
2024-05-29,64.4000015258789,64.5,63.5,63.5099983215332,58.16081237792969,3163300
2024-05-30,63.650001525878906,64.26000213623047,63.56999969482422,64.12000274658203,58.71943664550781,3218300
2024-05-31,64.37999725341797,64.58999633789062,63.54999923706055,64.5199966430664,59.08573913574219,4633600
2024-06-03,64.31999969482422,64.87000274658203,63.709999084472656,64.37999725341797,58.95753860473633,3665700
2024-06-04,64.30000305175781,64.66000366210938,63.810001373291016,64.56999969482422,59.131534576416016,2093000
2024-06-05,64.66999816894531,65,64.33999633789062,64.98999786376953,59.51615905761719,2956500
2024-06-06,65,65.16000366210938,64.44999694824219,64.70999908447266,59.25973892211914,3404400
2024-06-07,64.43000030517578,64.93000030517578,64.37000274658203,64.5999984741211,59.15900802612305,2752600
2024-06-10,64.44000244140625,64.5999984741211,63.810001373291016,63.869998931884766,58.4904899597168,4773300
2024-06-11,63.61000061035156,63.869998931884766,63.36000061035156,63.720001220703125,58.353126525878906,3150600
2024-06-12,64.18000030517578,65.0999984741211,64.16000366210938,64.97000122070312,59.49784469604492,3959500
2024-06-13,64.80000305175781,64.81999969482422,64.43000030517578,64.61000061035156,59.16816711425781,2479700
2024-06-14,64.25,64.26000213623047,63.439998626708984,63.70000076293945,58.334815979003906,3974200
2024-06-17,63.58000183105469,63.720001220703125,63.36000061035156,63.650001525878906,58.28902053833008,3688300
2024-06-18,63.5099983215332,63.9900016784668,63.220001220703125,63.41999816894531,58.078392028808594,2382200
2024-06-19,63.29999923706055,63.459999084472656,62.83000183105469,63.060001373291016,57.748714447021484,1629500
2024-06-20,63.029998779296875,63.150001525878906,61.970001220703125,62.0099983215332,56.78715133666992,4355100
2024-06-21,61.91999816894531,62.52000045776367,61.77000045776367,61.83000183105469,56.622314453125,11503700
2024-06-24,62.11000061035156,62.86000061035156,62.11000061035156,62.84000015258789,57.54724884033203,4737400
2024-06-25,62.5,62.66999816894531,62.08000183105469,62.54999923706055,57.28166961669922,2644900
2024-06-26,62.25,62.45000076293945,62.0099983215332,62.33000183105469,57.0802001953125,2649800
2024-06-27,62.16999816894531,62.529998779296875,62.09000015258789,62.400001525878906,57.14430618286133,4313100
2024-06-28,62.630001068115234,63.06999969482422,62.38999938964844,62.58000183105469,57.30914306640625,18901700
2024-07-02,62.400001525878906,62.75,61.88999938964844,62.61000061035156,57.33662033081055,11228900
2024-07-03,61.54999923706055,62.33000183105469,61.54999923706055,62.2400016784668,57.97938537597656,5547200
2024-07-04,62.099998474121094,62.400001525878906,62.04999923706055,62.060001373291016,57.811702728271484,2343500
2024-07-05,62.16999816894531,62.33000183105469,61.599998474121094,61.599998474121094,57.38319396972656,9428700
2024-07-08,61.689998626708984,61.959999084472656,61.5,61.720001220703125,57.49497985839844,5746800
2024-07-09,61.790000915527344,62.470001220703125,61.59000015258789,62.310001373291016,58.044593811035156,4669200
2024-07-10,62.40999984741211,63.13999938964844,62.38999938964844,63.08000183105469,58.76188278198242,5420200
2024-07-11,63.2400016784668,64.05999755859375,63.18000030517578,63.880001068115234,59.507118225097656,3344800
2024-07-12,64.02999877929688,64.38999938964844,63.97999954223633,64.1500015258789,59.75863265991211,4364600
2024-07-15,64.26000213623047,64.61000061035156,64.05000305175781,64.47000122070312,60.056732177734375,2849200
2024-07-16,64.8499984741211,65.61000061035156,64.5,65.58000183105469,61.09074783325195,2953100
2024-07-17,65.30000305175781,65.5999984741211,64.75,64.83999633789062,60.40140151977539,2926800
2024-07-18,64.87999725341797,65.37000274658203,64.61000061035156,64.91999816894531,60.47592544555664,3570000
2024-07-19,64.76000213623047,64.94000244140625,64.1500015258789,64.16000366210938,59.76795196533203,2032300
2024-07-22,64.5,64.5999984741211,63.61000061035156,64.05999755859375,59.6747932434082,5023900
2024-07-23,64.0999984741211,64.11000061035156,63.209999084472656,63.560001373291016,59.20902633666992,2266800
2024-07-24,63.290000915527344,63.689998626708984,63.13999938964844,63.189998626708984,58.864349365234375,3213300
2024-07-25,63.130001068115234,63.20000076293945,62.689998626708984,62.959999084472656,58.65009307861328,8589100
2024-07-26,63.290000915527344,63.45000076293945,62.959999084472656,63.400001525878906,59.05997848510742,3266900
2024-07-29,63.599998474121094,63.720001220703125,63.189998626708984,63.630001068115234,59.274234771728516,5733500
2024-07-30,63.7599983215332,64.76000213623047,63.689998626708984,64.20999908447266,59.81452941894531,7190300
2024-07-31,64.41999816894531,64.88999938964844,63.97999954223633,64.47000122070312,60.056732177734375,2923800
2024-08-01,64.47000122070312,64.56999969482422,63.38999938964844,63.81999969482422,59.45122528076172,3359200
2024-08-02,63.20000076293945,63.439998626708984,62.54999923706055,63.33000183105469,58.99477005004883,4024900
2024-08-06,62,62.72999954223633,61.61000061035156,62.52000045776367,58.24021911621094,7427500
2024-08-07,63.150001525878906,63.150001525878906,62.25,62.59000015258789,58.305423736572266,3033700
2024-08-08,62.68000030517578,63.150001525878906,62.599998474121094,63.119998931884766,58.79914855957031,2748900
2024-08-09,63.20000076293945,63.779998779296875,63.040000915527344,63.66999816894531,59.31148910522461,1927900
2024-08-12,63.650001525878906,63.72999954223633,60.68000030517578,61.4900016784668,57.280723571777344,6116500
2024-08-13,61.79999923706055,62.41999816894531,61.619998931884766,62.38999938964844,58.119117736816406,3276400
2024-08-14,62.4900016784668,63.13999938964844,62.470001220703125,63.04999923706055,58.73393630981445,2779700
2024-08-15,63.459999084472656,64.02999877929688,63.36000061035156,63.81999969482422,59.45122528076172,2997000
2024-08-16,63.849998474121094,64.5,63.599998474121094,64.5,60.08467483520508,1618600
2024-08-19,64.5199966430664,64.98999786376953,64.5199966430664,64.95999908447266,60.51318359375,2586000
2024-08-20,64.91999816894531,64.9800033569336,64.30000305175781,64.73999786376953,60.30824661254883,2235500
2024-08-21,64.61000061035156,64.91000366210938,64.48999786376953,64.7699966430664,60.3361930847168,1988500
2024-08-22,64.76000213623047,64.93000030517578,64.38999938964844,64.68000030517578,60.25235366821289,1737800
2024-08-23,64.86000061035156,65.5999984741211,64.83999633789062,65.44999694824219,60.96963882446289,2888500
2024-08-26,65.44999694824219,65.75,65.4000015258789,65.5999984741211,61.109375,1585600
2024-08-27,65.6500015258789,67.37000274658203,65.3499984741211,67.22000122070312,62.61848068237305,4055800
2024-08-28,67,67.25,65.66000366210938,65.94000244140625,61.42610168457031,2980000
2024-08-29,66.20999908447266,66.61000061035156,66,66.4000015258789,61.854610443115234,3553900
2024-08-30,66.55000305175781,67.43000030517578,66.55000305175781,67.2699966430664,62.6650505065918,3650100
2024-09-03,67.0999984741211,67.83999633789062,66.97000122070312,67.80000305175781,63.158782958984375,3255400
2024-09-04,67.5999984741211,68.87999725341797,67.58000183105469,68.69000244140625,63.98785400390625,4316200
2024-09-05,68.68000030517578,69.16999816894531,68.13999938964844,68.41999816894531,63.736331939697266,2532100
2024-09-06,68.7300033569336,69.06999969482422,67.97000122070312,68.51000213623047,63.82017135620117,3184300
2024-09-09,68.94999694824219,69.62999725341797,68.80999755859375,69.56999969482422,64.80760192871094,5674100
2024-09-10,69.5999984741211,70,69.23999786376953,69.9800033569336,65.1895523071289,6088000
2024-09-11,69.77999877929688,70.27999877929688,69.38999938964844,70.22000122070312,65.41312408447266,3356900
2024-09-12,70.27999877929688,70.55000305175781,69.81999969482422,70.23999786376953,65.4317398071289,4016000
2024-09-13,70.2300033569336,70.81999969482422,70.1500015258789,70.72000122070312,65.8788833618164,4275400
2024-09-16,70.80000305175781,71.6500015258789,70.75,71.52999877929688,66.63343811035156,3248200
2024-09-17,71.69999694824219,72.01000213623047,71.41000366210938,71.48999786376953,66.59618377685547,10886100
2024-09-18,71.4000015258789,71.69000244140625,71.05999755859375,71.45999908447266,66.56822967529297,3512200
2024-09-19,72,72.37999725341797,71.77999877929688,72.01000213623047,67.08058166503906,6434600
2024-09-20,72.37999725341797,73.52999877929688,72.1500015258789,73.3499984741211,68.32884979248047,11211200
2024-09-23,73.5999984741211,73.6500015258789,72.5199966430664,72.86000061035156,67.87239074707031,4193600
2024-09-24,73.01000213623047,73.05999755859375,72.70999908447266,72.9000015258789,67.90966033935547,4641800
2024-09-25,72.9000015258789,73.0199966430664,72.5999984741211,72.69999694824219,67.72333526611328,3081900
2024-09-26,73.33000183105469,74.25,73.18000030517578,73.81999969482422,68.76667785644531,4664700
2024-09-27,73.75,74.23999786376953,73.51000213623047,73.54000091552734,68.50584411621094,18511900
2024-09-30,73.56999969482422,73.83999633789062,73.18000030517578,73.69000244140625,68.64557647705078,7006700
2024-10-01,73.37000274658203,73.83999633789062,73.06999969482422,73.52999877929688,68.49652862548828,8875900
2024-10-02,72.2300033569336,72.29000091552734,71.62000274658203,71.80999755859375,67.87271881103516,5898700
2024-10-03,71.45999908447266,71.62000274658203,71.19000244140625,71.5,67.57971954345703,7844300
2024-10-04,71.86000061035156,72.41999816894531,71.70999908447266,72.01000213623047,68.06175231933594,9971600
2024-10-07,71.55999755859375,72.12999725341797,71.45999908447266,71.87999725341797,67.93888092041016,4529200
2024-10-08,71.88999938964844,72.05000305175781,71.30000305175781,71.5,67.57971954345703,4185200
2024-10-09,71.25,71.47000122070312,71.04000091552734,71.0999984741211,67.2016372680664,4117300
2024-10-10,70.91000366210938,71.52999877929688,70.66000366210938,71.51000213623047,67.58916473388672,4692700
2024-10-11,71.66000366210938,72.47000122070312,71.66000366210938,72.18000030517578,68.22242736816406,4097900
2024-10-15,72.3499984741211,72.87999725341797,72.05999755859375,72.86000061035156,68.86514282226562,7202800
2024-10-16,73.01000213623047,73.88999938964844,73,73.83000183105469,69.7819595336914,5673500
2024-10-17,73.97000122070312,74.29000091552734,73.52999877929688,73.87000274658203,69.81977081298828,4216900
2024-10-18,73.8499984741211,74.05999755859375,73.56999969482422,73.95999908447266,69.90483093261719,3154600
2024-10-21,73.8499984741211,73.9800033569336,73.08000183105469,73.19999694824219,69.18649291992188,7410500
2024-10-22,72.7699966430664,72.94000244140625,72.36000061035156,72.69999694824219,68.71391296386719,6274000
2024-10-23,72.3499984741211,72.62999725341797,72.0199966430664,72.5,68.52488708496094,3788900
2024-10-24,72.44000244140625,72.8499984741211,72.16000366210938,72.69000244140625,68.70447540283203,3008600
2024-10-25,72.66000366210938,72.9000015258789,71.93000030517578,71.98999786376953,68.04283905029297,3981700
2024-10-28,71.94000244140625,72.44000244140625,71.86000061035156,72.19000244140625,68.23188781738281,6248400
2024-10-29,72.29000091552734,72.87999725341797,72.12999725341797,72.77999877929688,68.7895278930664,7999700
2024-10-30,72.44999694824219,73.04000091552734,72.0999984741211,72.66000366210938,68.67610931396484,2341500
2024-10-31,72.58000183105469,72.58000183105469,71.5199966430664,71.69000244140625,67.7593002319336,3909200
2024-11-01,71.83000183105469,72.5199966430664,71.58000183105469,72.44000244140625,68.46817779541016,2439500
2024-11-04,72.55999755859375,74.7699966430664,72.55000305175781,73.73999786376953,69.69689178466797,6477800
2024-11-05,73.73999786376953,73.83000183105469,73.30999755859375,73.5199966430664,69.48895263671875,4471700
2024-11-06,74.41999816894531,74.63999938964844,73.44999694824219,74.22000122070312,70.15058135986328,4336600
2024-11-07,74.23999786376953,75,74.18000030517578,75,70.8878173828125,3216800
2024-11-08,75,75.1500015258789,74.63999938964844,75.05000305175781,70.93507385253906,1949900
2024-11-11,75.19000244140625,75.80000305175781,75.16999816894531,75.2699966430664,71.14301300048828,2132200
2024-11-12,75.2699966430664,75.33999633789062,74.8499984741211,75.25,71.12410736083984,2211600
2024-11-13,75.4000015258789,75.6500015258789,74.91000366210938,75.04000091552734,70.92562103271484,1800200
2024-11-14,75.1500015258789,75.7300033569336,74.79000091552734,75.70999908447266,71.55888366699219,2305200
2024-11-15,75.6500015258789,76.44000244140625,75.62000274658203,75.94000244140625,71.77628326416016,3134200
2024-11-18,76,77.69999694824219,76,77.43000030517578,73.18457794189453,4850500
2024-11-19,77.63999938964844,78.58000183105469,77.44000244140625,78.37999725341797,74.08248138427734,3645200
2024-11-20,78.58000183105469,78.98999786376953,78.08999633789062,78.70999908447266,74.39439392089844,3207900
2024-11-21,78.75,79.16000366210938,78.20999908447266,78.5,74.19591522216797,3584100
2024-11-22,78.27999877929688,78.98999786376953,78.25,78.91000366210938,74.58342742919922,2517600
2024-11-25,79.02999877929688,79.37999725341797,78.81999969482422,78.98999786376953,74.6590347290039,5864500
2024-11-26,78.48999786376953,79.37000274658203,78.12000274658203,79.08999633789062,74.75355529785156,6128200
2024-11-27,79.05000305175781,79.69999694824219,79,79.5199966430664,75.15998077392578,3119200
2024-11-28,79.66999816894531,79.93000030517578,79.5999984741211,79.80000305175781,75.42463684082031,2398600
2024-11-29,79.61000061035156,79.93000030517578,79.58000183105469,79.8499984741211,75.47189331054688,3701000
2024-12-02,79.94999694824219,80.13999938964844,79.52999877929688,79.79000091552734,75.41517639160156,4095600
2024-12-03,77.75,77.77999877929688,75.93000030517578,77.0999984741211,72.87267303466797,9728800
2024-12-04,77.22000122070312,78.11000061035156,77.18000030517578,77.80000305175781,73.53429412841797,3952700
2024-12-05,77.41999816894531,78.3499984741211,77.37999725341797,78.29000091552734,73.99742126464844,5206200
2024-12-06,78.29000091552734,79.73999786376953,78.20999908447266,78.94000244140625,74.6117935180664,5097700
2024-12-09,78.94000244140625,79.2699966430664,78.70999908447266,79.16999816894531,74.82917022705078,3649600
2024-12-10,79,79.29000091552734,78.6500015258789,79.16000366210938,74.8197250366211,3078600
2024-12-11,79.37999725341797,79.5,78.69000244140625,79.12999725341797,74.79136657714844,2675200
2024-12-12,78.87000274658203,79.12000274658203,78.37999725341797,78.58000183105469,74.27153015136719,2760800
2024-12-13,78.9800033569336,79.04000091552734,78.47000122070312,78.91999816894531,74.5928726196289,2676400
2024-12-16,78.69999694824219,78.97000122070312,78.16000366210938,78.36000061035156,74.06359100341797,4561900
2024-12-17,78,78.56999969482422,77.80999755859375,78.37000274658203,74.07303619384766,2995100
2024-12-18,78.37999725341797,78.45999908447266,76.91999816894531,77.16000366210938,72.92938232421875,5909100
2024-12-19,77.0999984741211,77.38999938964844,76.81999969482422,76.9000015258789,72.68363952636719,2853700
2024-12-20,76.62000274658203,77.36000061035156,75.91000366210938,77.08999633789062,72.86321258544922,8587400
2024-12-23,76.81999969482422,77.13999938964844,76.31999969482422,77.08000183105469,72.85377502441406,5274000
2024-12-24,77.02999877929688,77.30000305175781,76.87999725341797,77.02999877929688,72.80650329589844,1330300
2024-12-27,76.95999908447266,77.52999877929688,76.94000244140625,77.5199966430664,73.26963806152344,2738000
2024-12-30,77.08000183105469,77.6500015258789,76.68000030517578,77.41999816894531,73.17512512207031,5233200
2024-12-31,77.5,77.62999725341797,77.11000061035156,77.19000244140625,72.95773315429688,4323700
2025-01-02,77.55000305175781,77.91000366210938,77.0199966430664,77.25,73.01444244384766,9369600
2025-01-03,77.01000213623047,78.05999755859375,77.01000213623047,77.12999725341797,72.9010238647461,10726900
2025-01-06,77.55000305175781,77.72000122070312,76.87999725341797,76.93000030517578,72.71199035644531,7128800
2025-01-07,76.0199966430664,76.08999633789062,74.6500015258789,74.70999908447266,71.60027313232422,7238500
2025-01-08,74.5199966430664,74.66000366210938,73.95999908447266,74.33000183105469,71.23609161376953,10396800
2025-01-09,74.23999786376953,74.80999755859375,74.23999786376953,74.62000274658203,71.51403045654297,5378300
2025-01-10,74.5,74.5199966430664,73.73999786376953,74.0999984741211,71.01566314697266,8916900
2025-01-13,73.72000122070312,73.80000305175781,72.5,72.80000305175781,69.769775390625,4293700
2025-01-14,72.80000305175781,73.6500015258789,72.7699966430664,73.61000061035156,70.54605865478516,3388400
2025-01-15,74.61000061035156,74.79000091552734,73.81999969482422,74.18000030517578,71.09233093261719,3155500
2025-01-16,74.19999694824219,74.43000030517578,73.81999969482422,74.43000030517578,71.33192443847656,3528800
2025-01-17,74.70999908447266,74.75,73.47000122070312,73.56999969482422,70.50772857666016,4470500
2025-01-20,73.61000061035156,74.08000183105469,73.51000213623047,73.86000061035156,70.78565216064453,1955900
2025-01-21,74.04000091552734,74.45999908447266,73.75,74.33999633789062,71.24567413330078,3026500
2025-01-22,74.4000015258789,74.48999786376953,73.79000091552734,74.05000305175781,70.96774291992188,2189800
2025-01-23,73.98999786376953,74.43000030517578,73.95999908447266,74.3499984741211,71.25525665283203,2440700
2025-01-24,74.33000183105469,74.48999786376953,74.08000183105469,74.48999786376953,71.3894271850586,3910200
2025-01-27,74.08000183105469,74.94000244140625,74.08000183105469,74.91000366210938,71.79195404052734,2961800
2025-01-28,74.94999694824219,75.30999755859375,74.7300033569336,75.0999984741211,71.97403717041016,3791000
2025-01-29,75,75.2699966430664,74.80999755859375,74.91000366210938,71.79195404052734,2270900
2025-01-30,75.06999969482422,75.44999694824219,74.81999969482422,75.06999969482422,71.9452896118164,3902400
2025-01-31,74.94000244140625,75.19999694824219,73.75,74.36000061035156,71.26484680175781,3915100
2025-02-03,68,72.25,68,72.06999969482422,69.07015991210938,9981600
2025-02-04,72.77999877929688,72.87999725341797,71.75,71.87000274658203,68.87847900390625,4203500
2025-02-05,72,72.31999969482422,71.75,72.31999969482422,69.30975341796875,5425700
2025-02-06,72.5199966430664,72.88999938964844,72.51000213623047,72.88999938964844,69.85602569580078,3955000
2025-02-07,72.75,72.81999969482422,72.30000305175781,72.7699966430664,69.74102020263672,3326900
2025-02-10,72.8499984741211,73.04000091552734,72.12000274658203,72.43000030517578,69.41517639160156,2332500
2025-02-11,72.30000305175781,72.94999694824219,72.20999908447266,72.83999633789062,69.80810546875,4625400
2025-02-12,72.5,72.94000244140625,72.11000061035156,72.93000030517578,69.89436340332031,2531100
2025-02-13,73.05999755859375,73.12999725341797,72.54000091552734,72.62999725341797,69.60684967041016,1513300
2025-02-14,72.86000061035156,73.02999877929688,72.5199966430664,72.58999633789062,69.56851196289062,2572200
2025-02-18,72.19999694824219,72.4800033569336,71.9000015258789,72.41999816894531,69.40558624267578,2564000
2025-02-19,72,72.41999816894531,71.58999633789062,72.4000015258789,69.38642120361328,2193700
2025-02-20,72.30000305175781,72.52999877929688,71.9800033569336,72.4800033569336,69.46309661865234,2517300
2025-02-21,72.55000305175781,72.5999984741211,71.61000061035156,71.88999938964844,68.89765930175781,4013400
2025-02-24,71.9000015258789,72.48999786376953,71.66000366210938,72.2300033569336,69.22350311279297,2703600
2025-02-25,71.5999984741211,72.4000015258789,70.22000122070312,71.4000015258789,68.42804718017578,5378500
2025-02-26,71.4000015258789,72.79000091552734,71.33000183105469,72.37999725341797,69.36725616455078,4352300
2025-02-27,72.4000015258789,72.62000274658203,71.69999694824219,71.72000122070312,68.73473358154297,5181500
2025-02-28,71.91999816894531,71.91999816894531,71.06999969482422,71.81999969482422,68.83056640625,5933400
2025-03-03,71.87999725341797,72.55999755859375,71.0999984741211,71.63999938964844,68.6580581665039,4546200
2025-03-04,70.61000061035156,70.66000366210938,69.41000366210938,70.26000213623047,67.33550262451172,6720200
2025-03-05,70.19999694824219,70.55000305175781,69.37999725341797,69.69999694824219,66.7988052368164,4895200
2025-03-06,69.16000366210938,69.5999984741211,68.63999938964844,68.87999725341797,66.012939453125,5025800
2025-03-07,68.83000183105469,69.58000183105469,68.48999786376953,69.48999786376953,66.59754943847656,3586300
2025-03-10,68.87999725341797,69.48999786376953,68.69000244140625,69.11000061035156,66.2333755493164,6818600
2025-03-11,68.81999969482422,69.38999938964844,68.1500015258789,68.54000091552734,65.68708801269531,5039600
2025-03-12,68.69000244140625,68.76000213623047,68.0999984741211,68.44000244140625,65.59126281738281,4652000
2025-03-13,68.23999786376953,68.68000030517578,67.93000030517578,68.18000030517578,65.34207916259766,5094000
2025-03-14,68.27999877929688,69.04000091552734,68.27999877929688,68.87000274658203,66.00335693359375,3014600
2025-03-17,69.05000305175781,69.70999908447266,69.05000305175781,69.66000366210938,66.76048278808594,3325700
2025-03-18,69.66999816894531,69.75,68.98999786376953,69.0999984741211,66.22378540039062,4036600
2025-03-19,69.22000122070312,69.37000274658203,68.80999755859375,69.06999969482422,66.19503021240234,2791100
2025-03-20,68.93000030517578,69.19000244140625,68.62999725341797,68.86000061035156,65.9937744140625,2495500
2025-03-21,68.66999816894531,68.94999694824219,68.27999877929688,68.87000274658203,66.00335693359375,11049500
2025-03-24,69.31999969482422,69.4000015258789,68.97000122070312,69.19999694824219,66.31961059570312,7418800
2025-03-25,69.5,69.77999877929688,69.44000244140625,69.68000030517578,66.77964782714844,7336000
2025-03-26,69.70999908447266,70.01000213623047,69.47000122070312,69.61000061035156,66.71255493164062,6915700
2025-03-27,69.55000305175781,69.6500015258789,68.77999877929688,69.19999694824219,66.31961059570312,5927600
2025-03-28,69,69.20999908447266,68.25,68.36000061035156,65.51458740234375,8450500
2025-03-31,67.88999938964844,68.38999938964844,66.91999816894531,68.2300033569336,65.38999938964844,11842800
2025-04-01,67.05999755859375,67.33000183105469,66.55999755859375,67.08999633789062,65.31211853027344,4501200
2025-04-02,66.83999633789062,68.0999984741211,66.51000213623047,68.0999984741211,66.29534912109375,10357000
2025-04-03,67,68.30000305175781,66.87999725341797,68.18000030517578,66.37323760986328,8101200
2025-04-04,67.30000305175781,67.43000030517578,65.68000030517578,66.54000091552734,64.77669525146484,10728300
2025-04-07,64.11000061035156,66.08000183105469,63.400001525878906,63.47999954223633,61.79778289794922,14924800
2025-04-08,64.70999908447266,65.4000015258789,63.130001068115234,63.560001373291016,61.87566375732422,8321000
2025-04-09,63,66.04000091552734,62.56999969482422,65.61000061035156,63.871341705322266,8322700
2025-04-10,65.0999984741211,65.0999984741211,63.09000015258789,63.63999938964844,61.95354461669922,5876800
2025-04-11,63.400001525878906,64.58000183105469,63.349998474121094,63.970001220703125,62.27479934692383,4152400
2025-04-14,64.7699966430664,65.13999938964844,64.37999725341797,65.01000213623047,63.2872428894043,4659500
2025-04-15,65.45999908447266,65.75,65.19999694824219,65.52999877929688,63.79345703125,3845900
2025-04-16,65.41000366210938,65.83000183105469,64.73999786376953,65.33000183105469,63.59876251220703,4338100
2025-04-17,65.33000183105469,65.83000183105469,65.31999969482422,65.69000244140625,63.949222564697266,3465900
2025-04-21,65.62000274658203,65.77999877929688,65.1500015258789,65.66000366210938,63.92001724243164,3054200
2025-04-22,66.05999755859375,66.66999816894531,66.05999755859375,66.62000274658203,64.85457611083984,8739100
2025-04-23,67.3499984741211,67.75,67.02999877929688,67.2699966430664,65.48734283447266,4104400
2025-04-24,66.91999816894531,67.30999755859375,66.80999755859375,67.30999755859375,65.52629089355469,4046700
2025-04-25,67.25,67.72000122070312,66.83000183105469,67.6500015258789,65.85728454589844,5837600
2025-04-28,67.75,68.11000061035156,67.66000366210938,68.02999877929688,66.22720336914062,4762600
2025-04-29,68.2699966430664,68.66000366210938,68.25,68.52999877929688,66.71395874023438,6204400
2025-04-30,68.5,69.0199966430664,67.88999938964844,68.9800033569336,67.15203857421875,6580700
2025-05-01,69.25,69.29000091552734,68.66999816894531,69,67.17150115966797,3837800
2025-05-02,69.38999938964844,69.63999938964844,69.12999725341797,69.61000061035156,67.76534271240234,3258600
2025-05-05,69.56999969482422,69.66999816894531,69.33999633789062,69.41999816894531,67.58037567138672,1557700
2025-05-06,69.30000305175781,69.30000305175781,68.73999786376953,68.91000366210938,67.08389282226562,2118100
2025-05-07,69.11000061035156,69.5199966430664,69.05000305175781,69.41000366210938,67.57064056396484,2738200
2025-05-08,69.56999969482422,69.97000122070312,69.44999694824219,69.73999786376953,67.89189147949219,2458200
2025-05-09,70,70.19999694824219,69.8499984741211,70.0199966430664,68.16447448730469,1980100
2025-05-12,71,71.05000305175781,70.4000015258789,70.73999786376953,68.86538696289062,2348900
2025-05-13,71,71,70.25,70.61000061035156,68.73883819580078,2255300
2025-05-14,70.58999633789062,71.4800033569336,70.58999633789062,71.37000274658203,69.47869873046875,2420000
2025-05-15,71.48999786376953,71.91000366210938,71.48999786376953,71.77999877929688,69.8778305053711,2589800
2025-05-16,71.87000274658203,72.1500015258789,71.5,71.97000122070312,70.06279754638672,2243800
2025-05-20,72.13999938964844,72.44999694824219,71.83000183105469,71.87999725341797,69.97518157958984,1882300
2025-05-21,71.62000274658203,71.86000061035156,71.11000061035156,71.48999786376953,69.59551239013672,3189400
2025-05-22,71.36000061035156,71.76000213623047,71.23999786376953,71.55000305175781,69.6539306640625,4476200
2025-05-23,71.29000091552734,71.80999755859375,71.08000183105469,71.69000244140625,69.79022216796875,2262000
2025-05-26,71.97000122070312,72.18000030517578,71.6500015258789,71.73999786376953,69.83889770507812,1459400
2025-05-27,70.66000366210938,73.05000305175781,70.48999786376953,72.91000366210938,70.97789001464844,7192800
2025-05-28,72.91000366210938,72.94999694824219,71.91000366210938,72.19000244140625,70.27696990966797,4271600
2025-05-29,72.30000305175781,73.56999969482422,72.30000305175781,73.54000091552734,71.59119415283203,4938300
2025-05-30,73.41000366210938,74.02999877929688,73.38999938964844,73.43000030517578,71.48411560058594,7430300
2025-06-02,73.29000091552734,73.62000274658203,73,73.29000091552734,71.34782409667969,2312600
2025-06-03,73.47000122070312,73.58000183105469,73.05999755859375,73.16000366210938,71.22126770019531,2118500
2025-06-04,73.11000061035156,73.27999877929688,72.86000061035156,73.12999725341797,71.19205474853516,6447600
2025-06-05,73.25,73.55000305175781,72.94999694824219,73.2699966430664,71.3283462524414,2108600
2025-06-06,73.5999984741211,73.87999725341797,73.5199966430664,73.83000183105469,71.8735122680664,3389100
2025-06-09,73.69999694824219,74.3499984741211,73.69999694824219,73.98999786376953,72.02926635742188,5236400
2025-06-10,73.94999694824219,74.26000213623047,73.87000274658203,73.9800033569336,72.01953887939453,5660000
2025-06-11,74.06999969482422,74.16000366210938,73.41999816894531,73.56999969482422,71.62039947509766,4486300
2025-06-12,73.48999786376953,73.9000015258789,73.48999786376953,73.9000015258789,71.94165802001953,2998100
2025-06-13,73.61000061035156,74.08000183105469,73.4000015258789,73.77999877929688,71.8248291015625,2296700
2025-06-16,74.12999725341797,74.86000061035156,74.08000183105469,74.45999908447266,72.48680877685547,6599500
2025-06-17,74.23999786376953,74.52999877929688,74.02999877929688,74.25,72.28237915039062,4867600
2025-06-18,74.25,74.6500015258789,74.25,74.3499984741211,72.37973022460938,4604600
2025-06-19,74.22000122070312,74.5,74.16000366210938,74.5,72.5257568359375,1111700
2025-06-20,75,75,74.26000213623047,74.45999908447266,72.48680877685547,9496500
2025-06-23,74.33000183105469,74.4800033569336,74.0199966430664,74.37000274658203,72.39920043945312,8408700
2025-06-24,74.80000305175781,75.22000122070312,74.58999633789062,74.61000061035156,72.6328353881836,6113800
2025-06-25,74.61000061035156,74.6500015258789,74.26000213623047,74.48999786376953,72.5160140991211,4786600
2025-06-26,74.5,75.13999938964844,74.48999786376953,75.13999938964844,73.14878845214844,6877800
2025-06-27,74.9000015258789,75.6500015258789,74.9000015258789,75.16000366210938,73.16826629638672,10633200
2025-06-30,75.06999969482422,75.47000122070312,74.95999908447266,75.30000305175781,73.30455780029297,10606400
2025-07-02,74.16000366210938,74.9800033569336,74.0999984741211,74.9800033569336,74.07514190673828,5189100
2025-07-03,74.91999816894531,75.13999938964844,74.80999755859375,74.95999908447266,74.05538177490234,5361500
2025-07-04,74.80999755859375,75.02999877929688,74.80999755859375,74.91999816894531,74.01586151123047,876900
2025-07-07,74.91000366210938,75.4000015258789,74.7699966430664,75.01000213623047,74.10478210449219,6187700
2025-07-08,74.7699966430664,75.12999725341797,74.58000183105469,75.11000061035156,74.20356750488281,9097700
2025-07-09,75.22000122070312,75.41000366210938,74.97000122070312,75.0199966430664,74.11465454101562,5511100
2025-07-10,74.94999694824219,75.73999786376953,74.80000305175781,75.30000305175781,74.39128112792969,7159800
2025-07-11,75,75.02999877929688,74.48999786376953,74.66999816894531,73.76887512207031,5333400
2025-07-14,74.66999816894531,74.80999755859375,74.33999633789062,74.79000091552734,73.88743591308594,4351200
2025-07-15,74.73999786376953,74.91999816894531,74.48999786376953,74.83999633789062,73.93682098388672,3321900
2025-07-16,74.83000183105469,75.3499984741211,74.66999816894531,75.3499984741211,74.440673828125,4030600
2025-07-17,75.16999816894531,75.75,75.05000305175781,75.66000366210938,74.74693298339844,3125500
2025-07-18,75.66999816894531,75.77999877929688,75.4000015258789,75.76000213623047,74.8457260131836,2874100
2025-07-21,75.88999938964844,76.16999816894531,75.81999969482422,76,75.08283233642578,7685500
2025-07-22,76.19999694824219,76.80000305175781,76.19999694824219,76.69000244140625,75.7645034790039,5655700
2025-07-23,77,77.2699966430664,76.97000122070312,77.2699966430664,76.3375015258789,3376100
2025-07-24,77.20999908447266,77.61000061035156,77.19999694824219,77.33999633789062,76.40665435791016,5303800
2025-07-25,77.4800033569336,77.69000244140625,77.18000030517578,77.62999725341797,76.69315338134766,2680700
2025-07-28,77.68000030517578,77.79000091552734,77.25,77.29000091552734,76.35726165771484,5289400
2025-07-29,77.5199966430664,77.62000274658203,76.97000122070312,77.0999984741211,76.1695556640625,3889900
2025-07-30,77.2300033569336,77.94000244140625,77.1500015258789,77.51000213623047,76.5746078491211,3761000
2025-07-31,77.18000030517578,77.5,76.98999786376953,77.08999633789062,76.15966796875,2807400
2025-08-01,76.37000274658203,76.73999786376953,76.08000183105469,76.52999877929688,75.60643005371094,3100700
2025-08-05,77.1500015258789,77.48999786376953,76.55999755859375,76.62999725341797,75.7052230834961,2370300
2025-08-06,76.80000305175781,77.04000091552734,76.36000061035156,76.43000030517578,75.50763702392578,2958400
2025-08-07,76.52999877929688,76.8499984741211,76.33999633789062,76.69999694824219,75.77437591552734,2656300
2025-08-08,76.79000091552734,77.23999786376953,76.75,77.02999877929688,76.10039520263672,1579200
2025-08-11,77,77.44999694824219,77,77.30000305175781,76.36714172363281,6261100
2025-08-12,77.51000213623047,77.91999816894531,77.47000122070312,77.70999908447266,76.7721939086914,2379400
2025-08-13,77.94999694824219,78.08999633789062,77.8499984741211,78.01000213623047,77.06857299804688,2884400
2025-08-14,77.98999786376953,78.2300033569336,77.7699966430664,78.22000122070312,77.27603912353516,2167500
2025-08-15,78.26000213623047,78.62000274658203,78.22000122070312,78.47000122070312,77.52302551269531,2380900
2025-08-18,78.33000183105469,78.56999969482422,78.25,78.52999877929688,77.5822982788086,2265400
2025-08-19,78.45999908447266,78.91999816894531,78.45999908447266,78.56999969482422,77.62181091308594,1869700
2025-08-20,78.75,78.91000366210938,78.55999755859375,78.70999908447266,77.76012420654297,3969100
2025-08-21,78.66000366210938,78.91000366210938,78.58000183105469,78.69999694824219,77.750244140625,2986300
2025-08-22,78.81999969482422,79.79000091552734,78.73999786376953,79.69999694824219,78.73817443847656,6312200
2025-08-25,79.70999908447266,79.75,79.23999786376953,79.52999877929688,78.57022857666016,2652600
2025-08-26,81.62000274658203,85.02999877929688,81.44000244140625,84.9800033569336,83.95446014404297,13322500
2025-08-27,84.91000366210938,86.38999938964844,84.87999725341797,85.12999725341797,84.10264587402344,6757600
2025-08-28,85.81999969482422,85.91000366210938,85.26000213623047,85.81999969482422,84.7843246459961,5074400
2025-08-29,85.31999969482422,86.08999633789062,85.31999969482422,85.7699966430664,84.73492431640625,4559300
2025-09-02,85.36000061035156,85.80999755859375,85.06999969482422,85.62000274658203,84.58673858642578,3688300
2025-09-03,85.51000213623047,86.75,85.5,86.7300033569336,85.68334197998047,3741700
2025-09-04,86.75,87.94000244140625,86.7300033569336,87.8499984741211,86.78982543945312,4226300
2025-09-05,88.12999725341797,88.44000244140625,87.44000244140625,87.86000061035156,86.7997055053711,3676800
2025-09-08,87.73999786376953,88.36000061035156,87.30999755859375,88.30000305175781,87.2343978881836,3494600
2025-09-09,88.51000213623047,88.80999755859375,88.0999984741211,88.3499984741211,87.2837905883789,3354200
2025-09-10,88.3499984741211,88.73999786376953,88.27999877929688,88.56999969482422,87.50113677978516,3632000
2025-09-11,88.6500015258789,89.08999633789062,88.29000091552734,88.87000274658203,87.79751586914062,4721000
2025-09-12,88.80000305175781,88.87000274658203,87.6500015258789,87.73999786376953,86.68115234375,3835600
2025-09-15,87.69999694824219,88.19000244140625,87.37999725341797,88.16000366210938,87.09608459472656,3806400
2025-09-16,88,89.16999816894531,87.87999725341797,89.12999725341797,88.05437469482422,3553800
2025-09-17,89.04000091552734,89.69999694824219,88.87999725341797,88.98999786376953,87.91606140136719,2599800
2025-09-18,88.8499984741211,89.4000015258789,88.70999908447266,89.18000030517578,88.10377502441406,2539300
2025-09-19,90,90,88.9000015258789,89.5999984741211,88.5186996459961,7138000
2025-09-22,89.43000030517578,89.70999908447266,89.02999877929688,89.05999755859375,87.98522186279297,7619400
2025-09-23,89,89.5,89,89.11000061035156,88.03461456298828,2175800
2025-09-24,89.22000122070312,89.55000305175781,89.01000213623047,89.08999633789062,88.01485443115234,4332400
2025-09-25,88.91000366210938,89.80000305175781,88.83000183105469,89.76000213623047,88.67677307128906,6092600
2025-09-26,89.9800033569336,90.3499984741211,89.68000030517578,89.75,88.6668930053711,7195100
2025-09-29,89.13999938964844,90.31999969482422,89.13999938964844,90.19999694824219,89.11145782470703,7773900
2025-09-30,90.0999984741211,90.33000183105469,89.04000091552734,89.98999786376953,88.90399932861328,4663100
2025-10-01,90,90.33999633789062,89.93000030517578,90.06999969482422,88.9830322265625,5164400
2025-10-02,90.16999816894531,90.87000274658203,89.8499984741211,90.87000274658203,89.77338409423828,6918600
2025-10-03,90.83000183105469,91.4000015258789,90.56999969482422,91.02999877929688,89.93144226074219,10480100
2025-10-06,91.44000244140625,91.47000122070312,90.19999694824219,91.1500015258789,90.05000305175781,6687000
2025-10-07,90.04000091552734,90.08999633789062,89.41000366210938,89.61000061035156,89.61000061035156,6685700
2025-10-08,89.69000244140625,89.76000213623047,88.22000122070312,88.41999816894531,88.41999816894531,8848700
2025-10-09,88.41999816894531,89.29000091552734,88.3499984741211,89.19999694824219,89.19999694824219,6106100
2025-10-10,89.43000030517578,89.81999969482422,88.73999786376953,88.83999633789062,88.83999633789062,3604600
2025-10-14,88.8499984741211,90.12999725341797,88.5,90.11000061035156,90.11000061035156,2853400
2025-10-15,90.19999694824219,90.72000122070312,90.12000274658203,90.58999633789062,90.58999633789062,4720000
2025-10-16,90.4800033569336,90.94999694824219,89.7699966430664,89.91000366210938,89.91000366210938,3029100
2025-10-17,89.69000244140625,89.9000015258789,89.29000091552734,89.31999969482422,89.31999969482422,2311900
2025-10-20,89.37999725341797,90.0999984741211,89.37999725341797,89.87000274658203,89.87000274658203,2671400
2025-10-21,89.9800033569336,90.36000061035156,89.94000244140625,90.27999877929688,90.27999877929688,3093600
2025-10-22,90.19000244140625,90.45999908447266,89.62999725341797,89.7300033569336,89.7300033569336,4269400
2025-10-23,89.7300033569336,90.4000015258789,89.7300033569336,90.18000030517578,90.18000030517578,6504700
2025-10-24,90.44999694824219,90.88999938964844,90.44000244140625,90.68000030517578,90.68000030517578,4022500