Date,Open,High,Low,Close,Adj Close,Volume
2023-10-29,0.04399999976158142,0.04399999976158142,0.04399999976158142,0.04399999976158142,0.04399999976158142,0
2023-10-30,0.04699999839067459,0.04699999839067459,0.04699999839067459,0.04699999839067459,0.04699999839067459,100000
2023-10-31,0.04600000008940697,0.04600000008940697,0.04600000008940697,0.04600000008940697,0.04600000008940697,1255
2023-11-01,0.04699999839067459,0.04699999839067459,0.04699999839067459,0.04699999839067459,0.04699999839067459,104055
2023-11-02,0.04699999839067459,0.04699999839067459,0.04699999839067459,0.04699999839067459,0.04699999839067459,18445
2023-11-05,0.04699999839067459,0.04699999839067459,0.04699999839067459,0.04699999839067459,0.04699999839067459,4722
2023-11-06,0.04699999839067459,0.04699999839067459,0.04699999839067459,0.04699999839067459,0.04699999839067459,23000
2023-11-07,0.050999999046325684,0.050999999046325684,0.050999999046325684,0.050999999046325684,0.050999999046325684,22955
2023-11-08,0.050999999046325684,0.050999999046325684,0.04399999976158142,0.04399999976158142,0.04399999976158142,678047
2023-11-09,0.04399999976158142,0.04399999976158142,0.04399999976158142,0.04399999976158142,0.04399999976158142,1070579
2023-11-12,0.04800000041723251,0.04800000041723251,0.04399999976158142,0.04399999976158142,0.04399999976158142,336912
2023-11-13,0.04500000178813934,0.04500000178813934,0.04500000178813934,0.04500000178813934,0.04500000178813934,11112
2023-11-14,0.04600000008940697,0.04600000008940697,0.04600000008940697,0.04600000008940697,0.04600000008940697,260000
2023-11-15,0.04600000008940697,0.04600000008940697,0.04600000008940697,0.04600000008940697,0.04600000008940697,100000
2023-11-16,0.04600000008940697,0.04600000008940697,0.04600000008940697,0.04600000008940697,0.04600000008940697,0
2023-11-19,0.04600000008940697,0.04600000008940697,0.04600000008940697,0.04600000008940697,0.04600000008940697,0
2023-11-20,0.041999999433755875,0.041999999433755875,0.041999999433755875,0.041999999433755875,0.041999999433755875,307043
2023-11-21,0.0430000014603138,0.04500000178813934,0.0430000014603138,0.04500000178813934,0.04500000178813934,185862
2023-11-22,0.04500000178813934,0.04500000178813934,0.041999999433755875,0.041999999433755875,0.041999999433755875,51515
2023-11-23,0.041999999433755875,0.041999999433755875,0.041999999433755875,0.041999999433755875,0.041999999433755875,0
2023-11-26,0.052000001072883606,0.052000001072883606,0.050999999046325684,0.050999999046325684,0.050999999046325684,44193
2023-11-27,0.05400000140070915,0.05400000140070915,0.05400000140070915,0.05400000140070915,0.05400000140070915,174537
2023-11-28,0.04699999839067459,0.04699999839067459,0.04699999839067459,0.04699999839067459,0.04699999839067459,6584
2023-11-29,0.04699999839067459,0.04699999839067459,0.04699999839067459,0.04699999839067459,0.04699999839067459,0
2023-11-30,0.04699999839067459,0.04699999839067459,0.04699999839067459,0.04699999839067459,0.04699999839067459,0
2023-12-03,0.04699999839067459,0.04699999839067459,0.04699999839067459,0.04699999839067459,0.04699999839067459,24348
2023-12-04,0.04699999839067459,0.04699999839067459,0.04399999976158142,0.04500000178813934,0.04500000178813934,315232
2023-12-05,0.04699999839067459,0.04699999839067459,0.04699999839067459,0.04699999839067459,0.04699999839067459,110642
2023-12-06,0.04699999839067459,0.04699999839067459,0.04699999839067459,0.04699999839067459,0.04699999839067459,11485
2023-12-07,0.04699999839067459,0.04699999839067459,0.04699999839067459,0.04699999839067459,0.04699999839067459,57045
2023-12-10,0.04699999839067459,0.04699999839067459,0.04699999839067459,0.04699999839067459,0.04699999839067459,2297
2023-12-11,0.04699999839067459,0.04699999839067459,0.04699999839067459,0.04699999839067459,0.04699999839067459,6250
2023-12-12,0.04699999839067459,0.04699999839067459,0.04699999839067459,0.04699999839067459,0.04699999839067459,0
2023-12-13,0.04699999839067459,0.04699999839067459,0.04699999839067459,0.04699999839067459,0.04699999839067459,0
2023-12-14,0.05000000074505806,0.052000001072883606,0.05000000074505806,0.052000001072883606,0.052000001072883606,480371
2023-12-17,0.052000001072883606,0.052000001072883606,0.05000000074505806,0.05000000074505806,0.05000000074505806,310770
2023-12-18,0.05000000074505806,0.052000001072883606,0.05000000074505806,0.05000000074505806,0.05000000074505806,314748
2023-12-19,0.05000000074505806,0.05000000074505806,0.04800000041723251,0.04800000041723251,0.04800000041723251,51108
2023-12-20,0.04800000041723251,0.04800000041723251,0.04800000041723251,0.04800000041723251,0.04800000041723251,3181
2023-12-21,0.04800000041723251,0.04800000041723251,0.04800000041723251,0.04800000041723251,0.04800000041723251,50000
2023-12-26,0.04800000041723251,0.04800000041723251,0.04699999839067459,0.04699999839067459,0.04699999839067459,61000
2023-12-27,0.04500000178813934,0.04500000178813934,0.04500000178813934,0.04500000178813934,0.04500000178813934,50193
2023-12-28,0.05000000074505806,0.05000000074505806,0.04600000008940697,0.04600000008940697,0.04600000008940697,72042
2024-01-01,0.05000000074505806,0.05000000074505806,0.05000000074505806,0.05000000074505806,0.05000000074505806,198976
2024-01-02,0.05000000074505806,0.050999999046325684,0.05000000074505806,0.050999999046325684,0.050999999046325684,196024
2024-01-03,0.05050000175833702,0.05050000175833702,0.05000000074505806,0.05000000074505806,0.05000000074505806,144016
2024-01-04,0.05000000074505806,0.05000000074505806,0.05000000074505806,0.05000000074505806,0.05000000074505806,0
2024-01-07,0.04699999839067459,0.04699999839067459,0.04699999839067459,0.04699999839067459,0.04699999839067459,25000
2024-01-08,0.04699999839067459,0.04699999839067459,0.04699999839067459,0.04699999839067459,0.04699999839067459,0
2024-01-09,0.04699999839067459,0.04699999839067459,0.04699999839067459,0.04699999839067459,0.04699999839067459,0
2024-01-10,0.04899999871850014,0.04899999871850014,0.04899999871850014,0.04899999871850014,0.04899999871850014,2691
2024-01-11,0.04699999839067459,0.04699999839067459,0.04600000008940697,0.04600000008940697,0.04600000008940697,198770
2024-01-14,0.04600000008940697,0.04600000008940697,0.04600000008940697,0.04600000008940697,0.04600000008940697,43759
2024-01-15,0.04600000008940697,0.04600000008940697,0.04600000008940697,0.04600000008940697,0.04600000008940697,8000
2024-01-16,0.04500000178813934,0.04500000178813934,0.0430000014603138,0.0430000014603138,0.0430000014603138,306093
2024-01-17,0.0430000014603138,0.0430000014603138,0.03999999910593033,0.03999999910593033,0.03999999910593033,1071159
2024-01-18,0.03999999910593033,0.03999999910593033,0.03999999910593033,0.03999999910593033,0.03999999910593033,0
2024-01-21,0.03999999910593033,0.03999999910593033,0.03999999910593033,0.03999999910593033,0.03999999910593033,0
2024-01-22,0.03999999910593033,0.03999999910593033,0.03999999910593033,0.03999999910593033,0.03999999910593033,0
2024-01-23,0.039000000804662704,0.039000000804662704,0.03500000014901161,0.03799999877810478,0.03799999877810478,463107
2024-01-24,0.03799999877810478,0.03799999877810478,0.03799999877810478,0.03799999877810478,0.03799999877810478,229627
2024-01-28,0.03799999877810478,0.03799999877810478,0.03799999877810478,0.03799999877810478,0.03799999877810478,0
2024-01-29,0.03799999877810478,0.03799999877810478,0.03799999877810478,0.03799999877810478,0.03799999877810478,1883
2024-01-30,0.03799999877810478,0.03799999877810478,0.03500000014901161,0.03500000014901161,0.03500000014901161,296975
2024-01-31,0.03500000014901161,0.041999999433755875,0.03500000014901161,0.041999999433755875,0.041999999433755875,795893
2024-02-01,0.03799999877810478,0.03799999877810478,0.03799999877810478,0.03799999877810478,0.03799999877810478,125
2024-02-04,0.03799999877810478,0.03799999877810478,0.03799999877810478,0.03799999877810478,0.03799999877810478,0
2024-02-05,0.039000000804662704,0.039000000804662704,0.039000000804662704,0.039000000804662704,0.039000000804662704,2000
2024-02-06,0.041999999433755875,0.041999999433755875,0.03999999910593033,0.03999999910593033,0.03999999910593033,200000
2024-02-07,0.04100000113248825,0.04100000113248825,0.03999999910593033,0.03999999910593033,0.03999999910593033,1538172
2024-02-08,0.03999999910593033,0.04399999976158142,0.03999999910593033,0.03999999910593033,0.03999999910593033,263530
2024-02-11,0.04100000113248825,0.04100000113248825,0.03999999910593033,0.03999999910593033,0.03999999910593033,182561
2024-02-12,0.03999999910593033,0.03999999910593033,0.03999999910593033,0.03999999910593033,0.03999999910593033,128286
2024-02-13,0.03999999910593033,0.03999999910593033,0.03999999910593033,0.03999999910593033,0.03999999910593033,50000
2024-02-14,0.03999999910593033,0.03999999910593033,0.03999999910593033,0.03999999910593033,0.03999999910593033,0
2024-02-15,0.03999999910593033,0.03999999910593033,0.03999999910593033,0.03999999910593033,0.03999999910593033,0
2024-02-18,0.04100000113248825,0.04100000113248825,0.03999999910593033,0.03999999910593033,0.03999999910593033,60191
2024-02-19,0.03999999910593033,0.03999999910593033,0.03999999910593033,0.03999999910593033,0.03999999910593033,0
2024-02-20,0.03999999910593033,0.03999999910593033,0.039000000804662704,0.03999999910593033,0.03999999910593033,122663
2024-02-21,0.039000000804662704,0.039000000804662704,0.039000000804662704,0.039000000804662704,0.039000000804662704,100000
2024-02-22,0.03500000014901161,0.03500000014901161,0.03500000014901161,0.03500000014901161,0.03500000014901161,250736
2024-02-25,0.03200000151991844,0.03400000184774399,0.03200000151991844,0.032999999821186066,0.032999999821186066,99130
2024-02-26,0.03500000014901161,0.03799999877810478,0.03400000184774399,0.035999998450279236,0.035999998450279236,2798955
2024-02-27,0.035999998450279236,0.035999998450279236,0.035999998450279236,0.035999998450279236,0.035999998450279236,0
2024-02-28,0.035999998450279236,0.035999998450279236,0.03500000014901161,0.03500000014901161,0.03500000014901161,184356
2024-02-29,0.03500000014901161,0.039000000804662704,0.03500000014901161,0.03500000014901161,0.03500000014901161,436372
2024-03-03,0.035999998450279236,0.035999998450279236,0.03500000014901161,0.03500000014901161,0.03500000014901161,152813
2024-03-04,0.03500000014901161,0.03500000014901161,0.03500000014901161,0.03500000014901161,0.03500000014901161,427245
2024-03-05,0.039000000804662704,0.03999999910593033,0.039000000804662704,0.039000000804662704,0.039000000804662704,1189021
2024-03-06,0.03999999910593033,0.0430000014603138,0.039000000804662704,0.04100000113248825,0.04100000113248825,1985756
2024-03-07,0.0430000014603138,0.04899999871850014,0.0430000014603138,0.0430000014603138,0.0430000014603138,1995232
2024-03-10,0.04399999976158142,0.04899999871850014,0.04399999976158142,0.04699999839067459,0.04699999839067459,4131822
2024-03-11,0.04699999839067459,0.04800000041723251,0.04600000008940697,0.04600000008940697,0.04600000008940697,682444
2024-03-12,0.04800000041723251,0.05400000140070915,0.04800000041723251,0.050999999046325684,0.050999999046325684,5826416
2024-03-13,0.052000001072883606,0.054999999701976776,0.050999999046325684,0.05299999937415123,0.05299999937415123,3442839
2024-03-14,0.054999999701976776,0.05700000002980232,0.05299999937415123,0.054999999701976776,0.054999999701976776,3153983
2024-03-17,0.05299999937415123,0.05299999937415123,0.05000000074505806,0.05000000074505806,0.05000000074505806,1514285
2024-03-18,0.05000000074505806,0.05000000074505806,0.05000000074505806,0.05000000074505806,0.05000000074505806,249106
2024-03-19,0.05000000074505806,0.052000001072883606,0.05000000074505806,0.05000000074505806,0.05000000074505806,550000
2024-03-20,0.05000000074505806,0.052000001072883606,0.05000000074505806,0.052000001072883606,0.052000001072883606,570019
2024-03-21,0.052000001072883606,0.052000001072883606,0.050999999046325684,0.052000001072883606,0.052000001072883606,514639
2024-03-24,0.050999999046325684,0.052000001072883606,0.050999999046325684,0.052000001072883606,0.052000001072883606,662653
2024-03-25,0.050999999046325684,0.052000001072883606,0.05000000074505806,0.050999999046325684,0.050999999046325684,693899
2024-03-26,0.050999999046325684,0.057999998331069946,0.05000000074505806,0.0560000017285347,0.0560000017285347,3315258
2024-03-27,0.0560000017285347,0.0560000017285347,0.054999999701976776,0.054999999701976776,0.054999999701976776,2538076
2024-04-01,0.0560000017285347,0.0560000017285347,0.054999999701976776,0.0560000017285347,0.0560000017285347,1698386
2024-04-02,0.054999999701976776,0.054999999701976776,0.05299999937415123,0.05400000140070915,0.05400000140070915,2051912
2024-04-03,0.0560000017285347,0.05700000002980232,0.054999999701976776,0.054999999701976776,0.054999999701976776,1382859
2024-04-04,0.05700000002980232,0.05999999865889549,0.054999999701976776,0.05900000035762787,0.05900000035762787,2990197
2024-04-08,0.061000000685453415,0.0689999982714653,0.05999999865889549,0.06499999761581421,0.06499999761581421,2656239
2024-04-09,0.06599999964237213,0.06599999964237213,0.06300000101327896,0.06300000101327896,0.06300000101327896,1966782
2024-04-10,0.06300000101327896,0.06300000101327896,0.05900000035762787,0.06199999898672104,0.06199999898672104,2052017
2024-04-11,0.06300000101327896,0.06300000101327896,0.05900000035762787,0.05999999865889549,0.05999999865889549,1697564
2024-04-12,0.05999999865889549,0.05999999865889549,0.05900000035762787,0.05999999865889549,0.05999999865889549,765994
2024-04-15,0.06199999898672104,0.06300000101327896,0.057999998331069946,0.057999998331069946,0.057999998331069946,974057
2024-04-16,0.057999998331069946,0.057999998331069946,0.05400000140070915,0.05400000140070915,0.05400000140070915,2214400
2024-04-17,0.05400000140070915,0.05700000002980232,0.05400000140070915,0.05700000002980232,0.05700000002980232,648915
2024-04-18,0.05700000002980232,0.057999998331069946,0.05700000002980232,0.05700000002980232,0.05700000002980232,1074118
2024-04-19,0.05700000002980232,0.05700000002980232,0.05400000140070915,0.05400000140070915,0.05400000140070915,143159
2024-04-22,0.05400000140070915,0.05400000140070915,0.05400000140070915,0.05400000140070915,0.05400000140070915,602
2024-04-23,0.05700000002980232,0.05700000002980232,0.054999999701976776,0.054999999701976776,0.054999999701976776,619961
2024-04-24,0.054999999701976776,0.05999999865889549,0.054999999701976776,0.05900000035762787,0.05900000035762787,534893
2024-04-26,0.05900000035762787,0.05900000035762787,0.05400000140070915,0.054999999701976776,0.054999999701976776,550535
2024-04-29,0.0560000017285347,0.05999999865889549,0.0560000017285347,0.057999998331069946,0.057999998331069946,710651
2024-04-30,0.057999998331069946,0.05999999865889549,0.05400000140070915,0.05400000140070915,0.05400000140070915,386847
2024-05-01,0.054999999701976776,0.05700000002980232,0.05000000074505806,0.050999999046325684,0.050999999046325684,1372794
2024-05-02,0.05400000140070915,0.05400000140070915,0.05400000140070915,0.05400000140070915,0.05400000140070915,545257
2024-05-03,0.05400000140070915,0.05400000140070915,0.05299999937415123,0.05299999937415123,0.05299999937415123,295055
2024-05-06,0.05299999937415123,0.05999999865889549,0.05299999937415123,0.05999999865889549,0.05999999865889549,722175
2024-05-07,0.06300000101327896,0.06300000101327896,0.05999999865889549,0.05999999865889549,0.05999999865889549,955468
2024-05-08,0.05999999865889549,0.05999999865889549,0.05900000035762787,0.05900000035762787,0.05900000035762787,634541
2024-05-09,0.05700000002980232,0.05700000002980232,0.0560000017285347,0.0560000017285347,0.0560000017285347,244757
2024-05-10,0.057999998331069946,0.05999999865889549,0.057999998331069946,0.05999999865889549,0.05999999865889549,388633
2024-05-13,0.054999999701976776,0.054999999701976776,0.04749999940395355,0.05000000074505806,0.05000000074505806,5438704
2024-05-14,0.04899999871850014,0.05400000140070915,0.04899999871850014,0.04899999871850014,0.04899999871850014,2433614
2024-05-15,0.04899999871850014,0.05000000074505806,0.04899999871850014,0.0494999997317791,0.0494999997317791,322100
2024-05-16,0.05000000074505806,0.050999999046325684,0.04899999871850014,0.05000000074505806,0.05000000074505806,1705485
2024-05-17,0.04899999871850014,0.04899999871850014,0.04600000008940697,0.04600000008940697,0.04600000008940697,463409
2024-05-20,0.04600000008940697,0.05400000140070915,0.04600000008940697,0.05400000140070915,0.05400000140070915,1095981
2024-05-21,0.04899999871850014,0.04899999871850014,0.04800000041723251,0.04800000041723251,0.04800000041723251,252016
2024-05-22,0.04899999871850014,0.050999999046325684,0.04800000041723251,0.04800000041723251,0.04800000041723251,322435
2024-05-23,0.04800000041723251,0.04800000041723251,0.04600000008940697,0.04699999839067459,0.04699999839067459,305556
2024-05-24,0.04800000041723251,0.04800000041723251,0.04699999839067459,0.04800000041723251,0.04800000041723251,107139
2024-05-27,0.04699999839067459,0.04699999839067459,0.04500000178813934,0.04500000178813934,0.04500000178813934,293472
2024-05-28,0.04500000178813934,0.04500000178813934,0.04500000178813934,0.04500000178813934,0.04500000178813934,11
2024-05-29,0.04399999976158142,0.04500000178813934,0.04100000113248825,0.04500000178813934,0.04500000178813934,778892
2024-05-30,0.04500000178813934,0.04500000178813934,0.04100000113248825,0.0430000014603138,0.0430000014603138,42571
2024-05-31,0.04399999976158142,0.05299999937415123,0.04399999976158142,0.05299999937415123,0.05299999937415123,273183
2024-06-03,0.04800000041723251,0.04800000041723251,0.041999999433755875,0.041999999433755875,0.041999999433755875,253050
2024-06-04,0.041999999433755875,0.04500000178813934,0.041999999433755875,0.04399999976158142,0.04399999976158142,112239
2024-06-05,0.04500000178813934,0.04500000178813934,0.04399999976158142,0.04399999976158142,0.04399999976158142,468328
2024-06-06,0.04600000008940697,0.04600000008940697,0.04399999976158142,0.04500000178813934,0.04500000178813934,984136
2024-06-07,0.04500000178813934,0.04600000008940697,0.04500000178813934,0.04600000008940697,0.04600000008940697,368485
2024-06-11,0.04899999871850014,0.05000000074505806,0.0430000014603138,0.04500000178813934,0.04500000178813934,988816
2024-06-12,0.04500000178813934,0.04600000008940697,0.04500000178813934,0.04600000008940697,0.04600000008940697,465000
2024-06-13,0.04600000008940697,0.04600000008940697,0.042500000447034836,0.0430000014603138,0.0430000014603138,201817
2024-06-14,0.041999999433755875,0.041999999433755875,0.04100000113248825,0.04100000113248825,0.04100000113248825,77809
2024-06-17,0.04100000113248825,0.04100000113248825,0.03500000014901161,0.03500000014901161,0.03500000014901161,662000
2024-06-18,0.03200000151991844,0.03200000151991844,0.028999999165534973,0.03099999949336052,0.03099999949336052,821963
2024-06-19,0.03099999949336052,0.03099999949336052,0.03099999949336052,0.03099999949336052,0.03099999949336052,0
2024-06-20,0.050999999046325684,0.09600000083446503,0.04699999839067459,0.0729999989271164,0.0729999989271164,88270904
2024-06-21,0.0729999989271164,0.0729999989271164,0.0729999989271164,0.0729999989271164,0.0729999989271164,0
2024-06-24,0.0729999989271164,0.0729999989271164,0.0729999989271164,0.0729999989271164,0.0729999989271164,0
2024-06-25,0.07599999755620956,0.0949999988079071,0.07400000095367432,0.08100000023841858,0.08100000023841858,54934301
2024-06-26,0.0820000022649765,0.0820000022649765,0.07000000029802322,0.07000000029802322,0.07000000029802322,8278102
2024-06-27,0.07199999690055847,0.08299999684095383,0.07150000333786011,0.07800000160932541,0.07800000160932541,8994244
2024-06-28,0.07800000160932541,0.07800000160932541,0.07000000029802322,0.07199999690055847,0.07199999690055847,6715052
2024-07-01,0.07100000232458115,0.0729999989271164,0.06800000369548798,0.07100000232458115,0.07100000232458115,2643132
2024-07-02,0.07100000232458115,0.08699999749660492,0.0689999982714653,0.08299999684095383,0.08299999684095383,12807546
2024-07-03,0.09099999815225601,0.0949999988079071,0.07599999755620956,0.07699999958276749,0.07699999958276749,29256743
2024-07-04,0.07999999821186066,0.08699999749660492,0.07800000160932541,0.07900000363588333,0.07900000363588333,20439800
2024-07-05,0.08100000023841858,0.08699999749660492,0.07599999755620956,0.07800000160932541,0.07800000160932541,22372762
2024-07-08,0.07800000160932541,0.08100000023841858,0.07699999958276749,0.07800000160932541,0.07800000160932541,5629634
2024-07-09,0.07800000160932541,0.07800000160932541,0.07199999690055847,0.07400000095367432,0.07400000095367432,7557373
2024-07-10,0.07400000095367432,0.08699999749660492,0.07199999690055847,0.08699999749660492,0.08699999749660492,7731770
2024-07-11,0.08699999749660492,0.10499999672174454,0.08699999749660492,0.10499999672174454,0.10499999672174454,31348893
2024-07-12,0.09000000357627869,0.09300000220537186,0.0820000022649765,0.0820000022649765,0.0820000022649765,28906663
2024-07-15,0.08399999886751175,0.08900000154972076,0.0820000022649765,0.08299999684095383,0.08299999684095383,10659636
2024-07-16,0.08299999684095383,0.08299999684095383,0.07599999755620956,0.07800000160932541,0.07800000160932541,4040775
2024-07-17,0.08100000023841858,0.0820000022649765,0.06499999761581421,0.06700000166893005,0.06700000166893005,9389384
2024-07-18,0.0689999982714653,0.07500000298023224,0.06700000166893005,0.0689999982714653,0.0689999982714653,5592289
2024-07-19,0.0689999982714653,0.07000000029802322,0.06599999964237213,0.06800000369548798,0.06800000369548798,3060981
2024-07-22,0.06800000369548798,0.06800000369548798,0.06300000101327896,0.06300000101327896,0.06300000101327896,1383885
2024-07-23,0.06400000303983688,0.06499999761581421,0.0560000017285347,0.05700000002980232,0.05700000002980232,5723645
2024-07-24,0.05700000002980232,0.05999999865889549,0.05700000002980232,0.05900000035762787,0.05900000035762787,2988212
2024-07-25,0.057999998331069946,0.05999999865889549,0.057999998331069946,0.05900000035762787,0.05900000035762787,1131842
2024-07-26,0.05999999865889549,0.06499999761581421,0.05999999865889549,0.06199999898672104,0.06199999898672104,5036613
2024-07-29,0.06199999898672104,0.06300000101327896,0.061000000685453415,0.06199999898672104,0.06199999898672104,1020025
2024-07-30,0.06300000101327896,0.06300000101327896,0.05999999865889549,0.05999999865889549,0.05999999865889549,1702056
2024-07-31,0.05999999865889549,0.05999999865889549,0.05700000002980232,0.057999998331069946,0.057999998331069946,1450461
2024-08-01,0.05999999865889549,0.05999999865889549,0.057999998331069946,0.057999998331069946,0.057999998331069946,402112
2024-08-02,0.057999998331069946,0.05900000035762787,0.0560000017285347,0.05700000002980232,0.05700000002980232,1151693
2024-08-05,0.0560000017285347,0.05700000002980232,0.04600000008940697,0.04699999839067459,0.04699999839067459,5071236
2024-08-06,0.04699999839067459,0.052000001072883606,0.04600000008940697,0.04600000008940697,0.04600000008940697,2806674
2024-08-07,0.04699999839067459,0.04699999839067459,0.04399999976158142,0.04399999976158142,0.04399999976158142,1257444
2024-08-08,0.04500000178813934,0.04699999839067459,0.04399999976158142,0.04600000008940697,0.04600000008940697,797247
2024-08-09,0.04699999839067459,0.052000001072883606,0.04600000008940697,0.052000001072883606,0.052000001072883606,1329162
2024-08-12,0.05299999937415123,0.054999999701976776,0.05299999937415123,0.054999999701976776,0.054999999701976776,404400
2024-08-13,0.05400000140070915,0.0560000017285347,0.05400000140070915,0.0560000017285347,0.0560000017285347,523065
2024-08-14,0.05000000074505806,0.05000000074505806,0.041999999433755875,0.04500000178813934,0.04500000178813934,7716567
2024-08-15,0.04399999976158142,0.04500000178813934,0.041999999433755875,0.0430000014603138,0.0430000014603138,644616
2024-08-16,0.04399999976158142,0.04500000178813934,0.0430000014603138,0.0430000014603138,0.0430000014603138,850663
2024-08-19,0.0430000014603138,0.0430000014603138,0.041999999433755875,0.0430000014603138,0.0430000014603138,1761282
2024-08-20,0.0430000014603138,0.04399999976158142,0.03999999910593033,0.04100000113248825,0.04100000113248825,3977676
2024-08-21,0.03999999910593033,0.03999999910593033,0.03799999877810478,0.039000000804662704,0.039000000804662704,3129940
2024-08-22,0.03999999910593033,0.041999999433755875,0.039500001817941666,0.039500001817941666,0.039500001817941666,2910541
2024-08-23,0.03999999910593033,0.03999999910593033,0.03799999877810478,0.03799999877810478,0.03799999877810478,1256811
2024-08-26,0.039000000804662704,0.0430000014603138,0.039000000804662704,0.03999999910593033,0.03999999910593033,8515084
2024-08-27,0.04100000113248825,0.04399999976158142,0.039000000804662704,0.039000000804662704,0.039000000804662704,4224552
2024-08-28,0.039000000804662704,0.04100000113248825,0.03799999877810478,0.039000000804662704,0.039000000804662704,4844666
2024-08-29,0.03799999877810478,0.03799999877810478,0.03799999877810478,0.03799999877810478,0.03799999877810478,593986
2024-08-30,0.03799999877810478,0.03799999877810478,0.03799999877810478,0.03799999877810478,0.03799999877810478,472197
2024-09-02,0.039000000804662704,0.039000000804662704,0.03700000047683716,0.03700000047683716,0.03700000047683716,400314
2024-09-03,0.03700000047683716,0.03799999877810478,0.03700000047683716,0.03750000149011612,0.03750000149011612,436858
2024-09-04,0.03700000047683716,0.03700000047683716,0.03500000014901161,0.03500000014901161,0.03500000014901161,4287637
2024-09-05,0.03500000014901161,0.03500000014901161,0.032999999821186066,0.032999999821186066,0.032999999821186066,1171299
2024-09-06,0.03400000184774399,0.03400000184774399,0.032999999821186066,0.032999999821186066,0.032999999821186066,3582206
2024-09-09,0.03400000184774399,0.03400000184774399,0.03200000151991844,0.032999999821186066,0.032999999821186066,877753
2024-09-10,0.032999999821186066,0.032999999821186066,0.029999999329447746,0.029999999329447746,0.029999999329447746,1523817
2024-09-11,0.029999999329447746,0.03200000151991844,0.029999999329447746,0.029999999329447746,0.029999999329447746,2205994
2024-09-12,0.03200000151991844,0.03400000184774399,0.03200000151991844,0.03400000184774399,0.03400000184774399,217889
2024-09-13,0.03400000184774399,0.03500000014901161,0.032999999821186066,0.03400000184774399,0.03400000184774399,1083154
2024-09-16,0.035999998450279236,0.039000000804662704,0.032999999821186066,0.03700000047683716,0.03700000047683716,1739543
2024-09-17,0.03700000047683716,0.0430000014603138,0.035999998450279236,0.03999999910593033,0.03999999910593033,1932351
2024-09-18,0.041999999433755875,0.0430000014603138,0.03400000184774399,0.03400000184774399,0.03400000184774399,719139
2024-09-19,0.03500000014901161,0.035999998450279236,0.03500000014901161,0.03500000014901161,0.03500000014901161,536319
2024-09-20,0.03799999877810478,0.03999999910593033,0.03700000047683716,0.03700000047683716,0.03700000047683716,416636
2024-09-23,0.03700000047683716,0.039000000804662704,0.035999998450279236,0.035999998450279236,0.035999998450279236,821019
2024-09-24,0.03799999877810478,0.03799999877810478,0.03700000047683716,0.03799999877810478,0.03799999877810478,175659
2024-09-25,0.03799999877810478,0.03999999910593033,0.035999998450279236,0.039000000804662704,0.039000000804662704,597281
2024-09-26,0.03999999910593033,0.041999999433755875,0.039000000804662704,0.041999999433755875,0.041999999433755875,156398
2024-09-27,0.041999999433755875,0.041999999433755875,0.03999999910593033,0.03999999910593033,0.03999999910593033,685683
2024-09-30,0.03999999910593033,0.03999999910593033,0.03799999877810478,0.03799999877810478,0.03799999877810478,774379
2024-10-01,0.03799999877810478,0.03799999877810478,0.03799999877810478,0.03799999877810478,0.03799999877810478,152300
2024-10-02,0.03799999877810478,0.04100000113248825,0.03799999877810478,0.03799999877810478,0.03799999877810478,368711
2024-10-03,0.039000000804662704,0.039000000804662704,0.039000000804662704,0.039000000804662704,0.039000000804662704,23000
2024-10-04,0.04100000113248825,0.04100000113248825,0.039000000804662704,0.039000000804662704,0.039000000804662704,358352
2024-10-06,0.03999999910593033,0.04100000113248825,0.03999999910593033,0.04100000113248825,0.04100000113248825,92752
2024-10-07,0.04100000113248825,0.04100000113248825,0.03999999910593033,0.03999999910593033,0.03999999910593033,58520
2024-10-08,0.03999999910593033,0.0430000014603138,0.03999999910593033,0.04100000113248825,0.04100000113248825,698588
2024-10-09,0.039000000804662704,0.0430000014603138,0.039000000804662704,0.04100000113248825,0.04100000113248825,25013157
2024-10-10,0.03999999910593033,0.041999999433755875,0.039500001817941666,0.041999999433755875,0.041999999433755875,2236973
2024-10-13,0.041999999433755875,0.041999999433755875,0.04100000113248825,0.04100000113248825,0.04100000113248825,50613
2024-10-14,0.039000000804662704,0.03999999910593033,0.03799999877810478,0.03799999877810478,0.03799999877810478,138677
2024-10-15,0.03999999910593033,0.03999999910593033,0.03799999877810478,0.03799999877810478,0.03799999877810478,492262
2024-10-16,0.039000000804662704,0.039000000804662704,0.039000000804662704,0.039000000804662704,0.039000000804662704,272517
2024-10-17,0.03799999877810478,0.04699999839067459,0.03799999877810478,0.04699999839067459,0.04699999839067459,1789006
2024-10-20,0.04600000008940697,0.04600000008940697,0.0430000014603138,0.0430000014603138,0.0430000014603138,700885
2024-10-21,0.041999999433755875,0.041999999433755875,0.03799999877810478,0.03999999910593033,0.03999999910593033,717913
2024-10-22,0.03999999910593033,0.03999999910593033,0.03999999910593033,0.03999999910593033,0.03999999910593033,254025
2024-10-23,0.039000000804662704,0.039000000804662704,0.039000000804662704,0.039000000804662704,0.039000000804662704,120000
2024-10-24,0.03999999910593033,0.04500000178813934,0.03999999910593033,0.04399999976158142,0.04399999976158142,65725
2024-10-27,0.04399999976158142,0.045499999076128006,0.04399999976158142,0.04500000178813934,0.04500000178813934,295750
2024-10-28,0.04600000008940697,0.050999999046325684,0.04600000008940697,0.05000000074505806,0.05000000074505806,1328198
2024-10-29,0.04899999871850014,0.04899999871850014,0.04800000041723251,0.04800000041723251,0.04800000041723251,156392
2024-10-30,0.04800000041723251,0.04800000041723251,0.04699999839067459,0.04699999839067459,0.04699999839067459,35500
2024-10-31,0.0430000014603138,0.04399999976158142,0.0430000014603138,0.0430000014603138,0.0430000014603138,276244
2024-11-03,0.04399999976158142,0.04399999976158142,0.0430000014603138,0.0430000014603138,0.0430000014603138,500000
2024-11-04,0.0430000014603138,0.0430000014603138,0.041999999433755875,0.0430000014603138,0.0430000014603138,569682
2024-11-05,0.04100000113248825,0.04100000113248825,0.04100000113248825,0.04100000113248825,0.04100000113248825,139723
2024-11-06,0.04100000113248825,0.04100000113248825,0.03849999979138374,0.039000000804662704,0.039000000804662704,688852
2024-11-07,0.039000000804662704,0.039000000804662704,0.03799999877810478,0.039000000804662704,0.039000000804662704,235207
2024-11-10,0.039000000804662704,0.03999999910593033,0.03799999877810478,0.03999999910593033,0.03999999910593033,238750
2024-11-11,0.03999999910593033,0.03999999910593033,0.029999999329447746,0.032999999821186066,0.032999999821186066,1779757
2024-11-12,0.03400000184774399,0.03400000184774399,0.032999999821186066,0.03400000184774399,0.03400000184774399,470111
2024-11-13,0.03400000184774399,0.03400000184774399,0.032999999821186066,0.03400000184774399,0.03400000184774399,620094
2024-11-14,0.03400000184774399,0.03400000184774399,0.03400000184774399,0.03400000184774399,0.03400000184774399,0
2024-11-17,0.03500000014901161,0.03500000014901161,0.029999999329447746,0.029999999329447746,0.029999999329447746,563433
2024-11-18,0.03200000151991844,0.03200000151991844,0.03099999949336052,0.03099999949336052,0.03099999949336052,1475471
2024-11-19,0.03099999949336052,0.03099999949336052,0.03099999949336052,0.03099999949336052,0.03099999949336052,425506
2024-11-20,0.03099999949336052,0.03099999949336052,0.029999999329447746,0.029999999329447746,0.029999999329447746,193689
2024-11-21,0.03099999949336052,0.03099999949336052,0.03099999949336052,0.03099999949336052,0.03099999949336052,10471
2024-11-24,0.03099999949336052,0.03099999949336052,0.029999999329447746,0.029999999329447746,0.029999999329447746,567011
2024-11-25,0.029999999329447746,0.029999999329447746,0.028999999165534973,0.028999999165534973,0.028999999165534973,425903
2024-11-26,0.029999999329447746,0.029999999329447746,0.028999999165534973,0.029999999329447746,0.029999999329447746,322286
2024-11-27,0.029999999329447746,0.03099999949336052,0.02800000086426735,0.03099999949336052,0.03099999949336052,548281
2024-11-28,0.032999999821186066,0.032999999821186066,0.03099999949336052,0.03099999949336052,0.03099999949336052,160290
2024-12-01,0.02800000086426735,0.03200000151991844,0.02800000086426735,0.03099999949336052,0.03099999949336052,723108
2024-12-02,0.028999999165534973,0.029999999329447746,0.02800000086426735,0.029999999329447746,0.029999999329447746,721771
2024-12-03,0.03099999949336052,0.03200000151991844,0.02800000086426735,0.02800000086426735,0.02800000086426735,336718
2024-12-04,0.02800000086426735,0.028999999165534973,0.02800000086426735,0.028999999165534973,0.028999999165534973,99670
2024-12-05,0.028999999165534973,0.029999999329447746,0.028999999165534973,0.029999999329447746,0.029999999329447746,123719
2024-12-08,0.028999999165534973,0.028999999165534973,0.028999999165534973,0.028999999165534973,0.028999999165534973,152000
2024-12-09,0.029999999329447746,0.029999999329447746,0.02800000086426735,0.02800000086426735,0.02800000086426735,1491074
2024-12-10,0.02800000086426735,0.02800000086426735,0.027000000700354576,0.027000000700354576,0.027000000700354576,332086
2024-12-11,0.02800000086426735,0.02800000086426735,0.02800000086426735,0.02800000086426735,0.02800000086426735,151923
2024-12-12,0.027000000700354576,0.02800000086426735,0.026000000536441803,0.02800000086426735,0.02800000086426735,660717
2024-12-15,0.02800000086426735,0.02800000086426735,0.026000000536441803,0.026000000536441803,0.026000000536441803,424474
2024-12-16,0.026000000536441803,0.026000000536441803,0.024000000208616257,0.024000000208616257,0.024000000208616257,412239
2024-12-17,0.023000000044703484,0.023000000044703484,0.023000000044703484,0.023000000044703484,0.023000000044703484,126394
2024-12-18,0.023000000044703484,0.023000000044703484,0.02199999988079071,0.02199999988079071,0.02199999988079071,210543
2024-12-19,0.02199999988079071,0.024000000208616257,0.020999999716877937,0.024000000208616257,0.024000000208616257,1512614
2024-12-22,0.024000000208616257,0.024000000208616257,0.023000000044703484,0.023000000044703484,0.023000000044703484,288522
2024-12-23,0.02199999988079071,0.02199999988079071,0.02199999988079071,0.02199999988079071,0.02199999988079071,264065
2024-12-26,0.023000000044703484,0.023000000044703484,0.01899999938905239,0.020999999716877937,0.020999999716877937,1801605
2024-12-29,0.020999999716877937,0.023000000044703484,0.020999999716877937,0.023000000044703484,0.023000000044703484,152630
2024-12-30,0.024000000208616257,0.02800000086426735,0.024000000208616257,0.02800000086426735,0.02800000086426735,1291127
2025-01-01,0.028999999165534973,0.029999999329447746,0.026000000536441803,0.026000000536441803,0.026000000536441803,446948
2025-01-02,0.026000000536441803,0.026000000536441803,0.026000000536441803,0.026000000536441803,0.026000000536441803,20000
2025-01-05,0.026000000536441803,0.026000000536441803,0.02500000037252903,0.02500000037252903,0.02500000037252903,20696
2025-01-06,0.02500000037252903,0.02500000037252903,0.02500000037252903,0.02500000037252903,0.02500000037252903,77765
2025-01-07,0.023000000044703484,0.024000000208616257,0.023000000044703484,0.024000000208616257,0.024000000208616257,320992
2025-01-08,0.023000000044703484,0.023000000044703484,0.023000000044703484,0.023000000044703484,0.023000000044703484,165111
2025-01-09,0.024000000208616257,0.03200000151991844,0.024000000208616257,0.03200000151991844,0.03200000151991844,1250294
2025-01-12,0.032999999821186066,0.04100000113248825,0.032999999821186066,0.03799999877810478,0.03799999877810478,1433467
2025-01-13,0.039000000804662704,0.039000000804662704,0.035999998450279236,0.03799999877810478,0.03799999877810478,773405
2025-01-14,0.03799999877810478,0.03799999877810478,0.03500000014901161,0.03700000047683716,0.03700000047683716,314548
2025-01-15,0.03700000047683716,0.03700000047683716,0.026000000536441803,0.029999999329447746,0.029999999329447746,1093016
2025-01-16,0.03200000151991844,0.03200000151991844,0.028999999165534973,0.03200000151991844,0.03200000151991844,219000
2025-01-19,0.03200000151991844,0.03200000151991844,0.029999999329447746,0.029999999329447746,0.029999999329447746,44025
2025-01-20,0.03099999949336052,0.03099999949336052,0.028999999165534973,0.028999999165534973,0.028999999165534973,230000
2025-01-21,0.029500000178813934,0.029500000178813934,0.027000000700354576,0.027000000700354576,0.027000000700354576,168057
2025-01-22,0.02800000086426735,0.028999999165534973,0.027000000700354576,0.027000000700354576,0.027000000700354576,43973
2025-01-23,0.02800000086426735,0.02800000086426735,0.027000000700354576,0.02800000086426735,0.02800000086426735,143711
2025-01-27,0.03500000014901161,0.039000000804662704,0.03099999949336052,0.032999999821186066,0.032999999821186066,4041298
2025-01-28,0.032999999821186066,0.03400000184774399,0.032999999821186066,0.03400000184774399,0.03400000184774399,333094
2025-01-29,0.03500000014901161,0.03500000014901161,0.03099999949336052,0.03400000184774399,0.03400000184774399,1237465
2025-01-30,0.032999999821186066,0.035999998450279236,0.029999999329447746,0.03200000151991844,0.03200000151991844,430655
2025-02-02,0.03200000151991844,0.03500000014901161,0.03200000151991844,0.03200000151991844,0.03200000151991844,698468
2025-02-03,0.032999999821186066,0.03400000184774399,0.028999999165534973,0.032999999821186066,0.032999999821186066,1857829
2025-02-04,0.03500000014901161,0.035999998450279236,0.032999999821186066,0.03500000014901161,0.03500000014901161,391694
2025-02-05,0.03500000014901161,0.03500000014901161,0.03150000050663948,0.03200000151991844,0.03200000151991844,1335908
2025-02-06,0.032999999821186066,0.032999999821186066,0.029999999329447746,0.029999999329447746,0.029999999329447746,51384
2025-02-09,0.032999999821186066,0.032999999821186066,0.032999999821186066,0.032999999821186066,0.032999999821186066,18334
2025-02-10,0.03099999949336052,0.03099999949336052,0.029999999329447746,0.029999999329447746,0.029999999329447746,108009
2025-02-11,0.03099999949336052,0.032999999821186066,0.02800000086426735,0.032999999821186066,0.032999999821186066,395059
2025-02-12,0.032999999821186066,0.032999999821186066,0.032999999821186066,0.032999999821186066,0.032999999821186066,151224
2025-02-13,0.029999999329447746,0.029999999329447746,0.028999999165534973,0.028999999165534973,0.028999999165534973,472604
2025-02-16,0.029999999329447746,0.029999999329447746,0.02800000086426735,0.02800000086426735,0.02800000086426735,202843
2025-02-17,0.02800000086426735,0.02800000086426735,0.02800000086426735,0.02800000086426735,0.02800000086426735,60833
2025-02-18,0.03200000151991844,0.03200000151991844,0.03200000151991844,0.03200000151991844,0.03200000151991844,276250
2025-02-19,0.029999999329447746,0.029999999329447746,0.027000000700354576,0.029999999329447746,0.029999999329447746,181000
2025-02-20,0.028999999165534973,0.028999999165534973,0.028999999165534973,0.028999999165534973,0.028999999165534973,501
2025-02-23,0.028999999165534973,0.028999999165534973,0.02500000037252903,0.027000000700354576,0.027000000700354576,340304
2025-02-24,0.027000000700354576,0.027000000700354576,0.027000000700354576,0.027000000700354576,0.027000000700354576,22019
2025-02-25,0.02800000086426735,0.029999999329447746,0.02800000086426735,0.029999999329447746,0.029999999329447746,730934
2025-02-26,0.029999999329447746,0.029999999329447746,0.027000000700354576,0.027000000700354576,0.027000000700354576,157410
2025-02-27,0.028999999165534973,0.028999999165534973,0.02800000086426735,0.02800000086426735,0.02800000086426735,102987
2025-03-02,0.02800000086426735,0.02800000086426735,0.02500000037252903,0.02500000037252903,0.02500000037252903,385705
2025-03-03,0.02500000037252903,0.026000000536441803,0.024000000208616257,0.024000000208616257,0.024000000208616257,1423777
2025-03-04,0.024000000208616257,0.02500000037252903,0.024000000208616257,0.024000000208616257,0.024000000208616257,314670
2025-03-05,0.024000000208616257,0.024000000208616257,0.01899999938905239,0.020999999716877937,0.020999999716877937,1267611
2025-03-06,0.020999999716877937,0.02199999988079071,0.020999999716877937,0.02199999988079071,0.02199999988079071,222792
2025-03-09,0.02199999988079071,0.02199999988079071,0.019999999552965164,0.02199999988079071,0.02199999988079071,216654
2025-03-10,0.02199999988079071,0.02199999988079071,0.02199999988079071,0.02199999988079071,0.02199999988079071,21238
2025-03-11,0.02199999988079071,0.02199999988079071,0.019999999552965164,0.019999999552965164,0.019999999552965164,293431
2025-03-12,0.019999999552965164,0.019999999552965164,0.019999999552965164,0.019999999552965164,0.019999999552965164,100000
2025-03-13,0.020999999716877937,0.020999999716877937,0.01899999938905239,0.01899999938905239,0.01899999938905239,294446
2025-03-16,0.02199999988079071,0.02199999988079071,0.020999999716877937,0.020999999716877937,0.020999999716877937,76427
2025-03-17,0.019999999552965164,0.019999999552965164,0.017999999225139618,0.01899999938905239,0.01899999938905239,2256514
2025-03-18,0.01899999938905239,0.019999999552965164,0.01899999938905239,0.019999999552965164,0.019999999552965164,212874
2025-03-19,0.019999999552965164,0.019999999552965164,0.019999999552965164,0.019999999552965164,0.019999999552965164,0
2025-03-20,0.019999999552965164,0.019999999552965164,0.019999999552965164,0.019999999552965164,0.019999999552965164,0
2025-03-23,0.027000000700354576,0.028999999165534973,0.02199999988079071,0.02199999988079071,0.02199999988079071,5915775
2025-03-24,0.023000000044703484,0.023000000044703484,0.020999999716877937,0.023000000044703484,0.023000000044703484,523684
2025-03-25,0.02199999988079071,0.023000000044703484,0.019999999552965164,0.019999999552965164,0.019999999552965164,668175
2025-03-26,0.019999999552965164,0.019999999552965164,0.019999999552965164,0.019999999552965164,0.019999999552965164,243333
2025-03-27,0.02199999988079071,0.02199999988079071,0.019999999552965164,0.019999999552965164,0.019999999552965164,113047
2025-03-30,0.01899999938905239,0.01899999938905239,0.017999999225139618,0.017999999225139618,0.017999999225139618,471580
2025-03-31,0.017500000074505806,0.017999999225139618,0.017500000074505806,0.017999999225139618,0.017999999225139618,30885
2025-04-01,0.01899999938905239,0.01899999938905239,0.017999999225139618,0.01899999938905239,0.01899999938905239,608856
2025-04-02,0.01899999938905239,0.01899999938905239,0.017999999225139618,0.017999999225139618,0.017999999225139618,1142093
2025-04-03,0.01899999938905239,0.024000000208616257,0.01899999938905239,0.020999999716877937,0.020999999716877937,5229552
2025-04-07,0.019999999552965164,0.019999999552965164,0.017999999225139618,0.019999999552965164,0.019999999552965164,1579181
2025-04-08,0.02199999988079071,0.03099999949336052,0.02199999988079071,0.02800000086426735,0.02800000086426735,6093081
2025-04-09,0.028999999165534973,0.028999999165534973,0.027000000700354576,0.02800000086426735,0.02800000086426735,2062527
2025-04-10,0.02800000086426735,0.032999999821186066,0.027000000700354576,0.029999999329447746,0.029999999329447746,4769875
2025-04-11,0.029999999329447746,0.029999999329447746,0.02800000086426735,0.028999999165534973,0.028999999165534973,2256001
2025-04-14,0.029999999329447746,0.029999999329447746,0.028999999165534973,0.028999999165534973,0.028999999165534973,4348741
2025-04-15,0.029999999329447746,0.029999999329447746,0.02800000086426735,0.02800000086426735,0.02800000086426735,470339
2025-04-16,0.02800000086426735,0.029999999329447746,0.02800000086426735,0.029999999329447746,0.029999999329447746,528390
2025-04-17,0.029999999329447746,0.03200000151991844,0.028999999165534973,0.028999999165534973,0.028999999165534973,1287042
2025-04-22,0.028999999165534973,0.029999999329447746,0.026000000536441803,0.026000000536441803,0.026000000536441803,1750213
2025-04-23,0.02800000086426735,0.028999999165534973,0.02800000086426735,0.028999999165534973,0.028999999165534973,1565723
2025-04-24,0.028999999165534973,0.028999999165534973,0.02800000086426735,0.028999999165534973,0.028999999165534973,568542
2025-04-28,0.029999999329447746,0.03099999949336052,0.028999999165534973,0.028999999165534973,0.028999999165534973,1150386
2025-04-29,0.029999999329447746,0.029999999329447746,0.028999999165534973,0.028999999165534973,0.028999999165534973,107960
2025-04-30,0.028999999165534973,0.028999999165534973,0.02800000086426735,0.02800000086426735,0.02800000086426735,1463065
2025-05-01,0.02800000086426735,0.02800000086426735,0.026000000536441803,0.026000000536441803,0.026000000536441803,1441860
2025-05-02,0.026000000536441803,0.026000000536441803,0.020999999716877937,0.02199999988079071,0.02199999988079071,2401466
2025-05-05,0.024000000208616257,0.02500000037252903,0.024000000208616257,0.02500000037252903,0.02500000037252903,272015
2025-05-06,0.02500000037252903,0.02500000037252903,0.024000000208616257,0.024000000208616257,0.024000000208616257,106843
2025-05-07,0.024000000208616257,0.024000000208616257,0.024000000208616257,0.024000000208616257,0.024000000208616257,155569
2025-05-08,0.02500000037252903,0.027000000700354576,0.02500000037252903,0.027000000700354576,0.027000000700354576,71274
2025-05-09,0.02800000086426735,0.02800000086426735,0.02500000037252903,0.027000000700354576,0.027000000700354576,95175
2025-05-12,0.02800000086426735,0.028999999165534973,0.027000000700354576,0.027000000700354576,0.027000000700354576,759548
2025-05-13,0.028999999165534973,0.028999999165534973,0.026000000536441803,0.027000000700354576,0.027000000700354576,195000
2025-05-14,0.027000000700354576,0.028999999165534973,0.027000000700354576,0.02800000086426735,0.02800000086426735,1240035
2025-05-15,0.02800000086426735,0.02800000086426735,0.027000000700354576,0.02800000086426735,0.02800000086426735,623612
2025-05-16,0.029999999329447746,0.03200000151991844,0.029999999329447746,0.029999999329447746,0.029999999329447746,1038214
2025-05-19,0.03099999949336052,0.03099999949336052,0.027000000700354576,0.029999999329447746,0.029999999329447746,646336
2025-05-20,0.027000000700354576,0.027000000700354576,0.027000000700354576,0.027000000700354576,0.027000000700354576,400000
2025-05-21,0.028999999165534973,0.029999999329447746,0.028999999165534973,0.029999999329447746,0.029999999329447746,394596
2025-05-22,0.029999999329447746,0.029999999329447746,0.02800000086426735,0.02800000086426735,0.02800000086426735,399579
2025-05-23,0.028999999165534973,0.028999999165534973,0.02800000086426735,0.02800000086426735,0.02800000086426735,1038494
2025-05-26,0.028999999165534973,0.028999999165534973,0.02500000037252903,0.02800000086426735,0.02800000086426735,2321783
2025-05-27,0.02800000086426735,0.02800000086426735,0.027000000700354576,0.027000000700354576,0.027000000700354576,116717
2025-05-28,0.027000000700354576,0.027000000700354576,0.026000000536441803,0.026000000536441803,0.026000000536441803,307642
2025-05-29,0.032999999821186066,0.04399999976158142,0.032999999821186066,0.035999998450279236,0.035999998450279236,17149767
2025-05-30,0.039000000804662704,0.039000000804662704,0.0364999994635582,0.039000000804662704,0.039000000804662704,4881118
2025-06-02,0.039000000804662704,0.039000000804662704,0.03500000014901161,0.03500000014901161,0.03500000014901161,2950263
2025-06-03,0.035999998450279236,0.03700000047683716,0.03500000014901161,0.03500000014901161,0.03500000014901161,982128
2025-06-04,0.03799999877810478,0.04100000113248825,0.035999998450279236,0.039000000804662704,0.039000000804662704,3425934
2025-06-05,0.039000000804662704,0.03999999910593033,0.039000000804662704,0.03999999910593033,0.03999999910593033,2710768
2025-06-06,0.04100000113248825,0.04100000113248825,0.03799999877810478,0.03799999877810478,0.03799999877810478,1036501
2025-06-10,0.039000000804662704,0.0430000014603138,0.039000000804662704,0.041999999433755875,0.041999999433755875,1784147
2025-06-11,0.041999999433755875,0.041999999433755875,0.041999999433755875,0.041999999433755875,0.041999999433755875,0
2025-06-12,0.041999999433755875,0.041999999433755875,0.041999999433755875,0.041999999433755875,0.041999999433755875,0
2025-06-13,0.04800000041723251,0.05000000074505806,0.04500000178813934,0.04500000178813934,0.04500000178813934,11795803
2025-06-16,0.04699999839067459,0.05000000074505806,0.04399999976158142,0.04399999976158142,0.04399999976158142,2247012
2025-06-17,0.04899999871850014,0.052000001072883606,0.04500000178813934,0.04500000178813934,0.04500000178813934,3119611
2025-06-18,0.04699999839067459,0.05000000074505806,0.04500000178813934,0.05000000074505806,0.05000000074505806,1397848
2025-06-19,0.04899999871850014,0.05000000074505806,0.04699999839067459,0.05000000074505806,0.05000000074505806,601300
2025-06-20,0.04699999839067459,0.05000000074505806,0.04600000008940697,0.04899999871850014,0.04899999871850014,1164423
2025-06-23,0.05000000074505806,0.050999999046325684,0.04699999839067459,0.04699999839067459,0.04699999839067459,1320845
2025-06-24,0.05000000074505806,0.05000000074505806,0.04600000008940697,0.04699999839067459,0.04699999839067459,925375
2025-06-25,0.04699999839067459,0.04899999871850014,0.04600000008940697,0.04600000008940697,0.04600000008940697,537627
2025-06-26,0.04699999839067459,0.04899999871850014,0.04500000178813934,0.04500000178813934,0.04500000178813934,544675
2025-06-27,0.04800000041723251,0.04800000041723251,0.04600000008940697,0.04600000008940697,0.04600000008940697,139100
2025-06-30,0.04800000041723251,0.04800000041723251,0.04399999976158142,0.04800000041723251,0.04800000041723251,1501027
2025-07-01,0.04800000041723251,0.04800000041723251,0.0430000014603138,0.0430000014603138,0.0430000014603138,368183
2025-07-02,0.0430000014603138,0.0430000014603138,0.03999999910593033,0.03999999910593033,0.03999999910593033,1165898
2025-07-03,0.04100000113248825,0.04699999839067459,0.04100000113248825,0.04600000008940697,0.04600000008940697,959502
2025-07-04,0.04899999871850014,0.05000000074505806,0.04500000178813934,0.04500000178813934,0.04500000178813934,680990
2025-07-07,0.04600000008940697,0.04600000008940697,0.04500000178813934,0.04500000178813934,0.04500000178813934,208252
2025-07-08,0.04600000008940697,0.04800000041723251,0.04500000178813934,0.04800000041723251,0.04800000041723251,631008
2025-07-09,0.04800000041723251,0.05000000074505806,0.04800000041723251,0.04800000041723251,0.04800000041723251,276874
2025-07-10,0.04899999871850014,0.050999999046325684,0.04600000008940697,0.04699999839067459,0.04699999839067459,1619142
2025-07-11,0.04600000008940697,0.04800000041723251,0.04600000008940697,0.04800000041723251,0.04800000041723251,73468
2025-07-14,0.05000000074505806,0.05000000074505806,0.04699999839067459,0.04699999839067459,0.04699999839067459,622113
2025-07-15,0.05000000074505806,0.0560000017285347,0.05000000074505806,0.05400000140070915,0.05400000140070915,2010386
2025-07-16,0.0560000017285347,0.0560000017285347,0.05299999937415123,0.05299999937415123,0.05299999937415123,2196470
2025-07-17,0.054999999701976776,0.05999999865889549,0.05400000140070915,0.05999999865889549,0.05999999865889549,1897460
2025-07-18,0.06199999898672104,0.06199999898672104,0.0560000017285347,0.061000000685453415,0.061000000685453415,1700633
2025-07-21,0.06400000303983688,0.07100000232458115,0.06400000303983688,0.06700000166893005,0.06700000166893005,3227673
2025-07-22,0.07000000029802322,0.07000000029802322,0.06599999964237213,0.06599999964237213,0.06599999964237213,2503883
2025-07-23,0.06499999761581421,0.06700000166893005,0.06400000303983688,0.06400000303983688,0.06400000303983688,804168
2025-07-24,0.06499999761581421,0.06599999964237213,0.06400000303983688,0.06499999761581421,0.06499999761581421,1272871
2025-07-25,0.06499999761581421,0.07000000029802322,0.06400000303983688,0.06599999964237213,0.06599999964237213,1612327
2025-07-28,0.06800000369548798,0.07000000029802322,0.06700000166893005,0.06700000166893005,0.06700000166893005,600674
2025-07-29,0.0689999982714653,0.0689999982714653,0.06300000101327896,0.06599999964237213,0.06599999964237213,1536740
2025-07-30,0.06599999964237213,0.0689999982714653,0.06599999964237213,0.06599999964237213,0.06599999964237213,1018738
2025-07-31,0.06700000166893005,0.0689999982714653,0.06400000303983688,0.06700000166893005,0.06700000166893005,617713
2025-08-01,0.06599999964237213,0.06599999964237213,0.06400000303983688,0.06499999761581421,0.06499999761581421,472762
2025-08-04,0.06499999761581421,0.06599999964237213,0.06400000303983688,0.06599999964237213,0.06599999964237213,361999
2025-08-05,0.06700000166893005,0.06700000166893005,0.06499999761581421,0.06700000166893005,0.06700000166893005,626773
2025-08-06,0.06499999761581421,0.06800000369548798,0.06400000303983688,0.06499999761581421,0.06499999761581421,2553349
2025-08-07,0.06499999761581421,0.06599999964237213,0.06400000303983688,0.06599999964237213,0.06599999964237213,1429820
2025-08-08,0.06599999964237213,0.0689999982714653,0.06599999964237213,0.0689999982714653,0.0689999982714653,826027
2025-08-11,0.07000000029802322,0.0860000029206276,0.07000000029802322,0.07999999821186066,0.07999999821186066,9307632
2025-08-12,0.0820000022649765,0.08399999886751175,0.07400000095367432,0.07800000160932541,0.07800000160932541,2343415
2025-08-13,0.07699999958276749,0.07800000160932541,0.0729999989271164,0.07699999958276749,0.07699999958276749,858442
2025-08-14,0.07900000363588333,0.08399999886751175,0.07699999958276749,0.07699999958276749,0.07699999958276749,1342907
2025-08-15,0.07900000363588333,0.07900000363588333,0.07599999755620956,0.07599999755620956,0.07599999755620956,419913
2025-08-18,0.07800000160932541,0.0820000022649765,0.07699999958276749,0.07800000160932541,0.07800000160932541,1302001
2025-08-19,0.07900000363588333,0.0820000022649765,0.07699999958276749,0.0820000022649765,0.0820000022649765,966442
2025-08-20,0.0820000022649765,0.09200000017881393,0.0820000022649765,0.08900000154972076,0.08900000154972076,4208874
2025-08-21,0.08900000154972076,0.08900000154972076,0.08100000023841858,0.08100000023841858,0.08100000023841858,1331726
2025-08-22,0.08100000023841858,0.08699999749660492,0.08100000023841858,0.0820000022649765,0.0820000022649765,1648149
2025-08-25,0.08299999684095383,0.08900000154972076,0.0820000022649765,0.08399999886751175,0.08399999886751175,958075
2025-08-26,0.08399999886751175,0.08399999886751175,0.08399999886751175,0.08399999886751175,0.08399999886751175,0
2025-08-27,0.08399999886751175,0.08399999886751175,0.08399999886751175,0.08399999886751175,0.08399999886751175,0
2025-08-28,0.0860000029206276,0.0860000029206276,0.07999999821186066,0.07999999821186066,0.07999999821186066,3410334
2025-08-29,0.08399999886751175,0.08500000089406967,0.08100000023841858,0.08100000023841858,0.08100000023841858,1115269
2025-09-01,0.0860000029206276,0.09399999678134918,0.08299999684095383,0.09200000017881393,0.09200000017881393,1214307
2025-09-02,0.08900000154972076,0.09000000357627869,0.08500000089406967,0.08900000154972076,0.08900000154972076,2518119
2025-09-03,0.08699999749660492,0.09099999815225601,0.08500000089406967,0.0860000029206276,0.0860000029206276,1440027
2025-09-04,0.08799999952316284,0.08900000154972076,0.08399999886751175,0.0860000029206276,0.0860000029206276,1642916
2025-09-05,0.08500000089406967,0.08699999749660492,0.08500000089406967,0.08699999749660492,0.08699999749660492,295053
2025-09-08,0.09000000357627869,0.10999999940395355,0.08799999952316284,0.10499999672174454,0.10499999672174454,5404687
2025-09-09,0.10999999940395355,0.11999999731779099,0.10750000178813934,0.10999999940395355,0.10999999940395355,2261146
2025-09-10,0.11500000208616257,0.11999999731779099,0.09600000083446503,0.10000000149011612,0.10000000149011612,3954757
2025-09-11,0.10499999672174454,0.10999999940395355,0.09700000286102295,0.10000000149011612,0.10000000149011612,3230694
2025-09-12,0.10000000149011612,0.10499999672174454,0.10000000149011612,0.10499999672174454,0.10499999672174454,1634326
2025-09-15,0.10499999672174454,0.10999999940395355,0.10000000149011612,0.10999999940395355,0.10999999940395355,735194
2025-09-16,0.10999999940395355,0.11999999731779099,0.10499999672174454,0.11999999731779099,0.11999999731779099,874275
2025-09-17,0.11999999731779099,0.11999999731779099,0.10999999940395355,0.11999999731779099,0.11999999731779099,1974111
2025-09-18,0.11500000208616257,0.11999999731779099,0.10999999940395355,0.10999999940395355,0.10999999940395355,1159041
2025-09-19,0.11500000208616257,0.125,0.11500000208616257,0.11500000208616257,0.11500000208616257,1373965
2025-09-22,0.12999999523162842,0.1599999964237213,0.1274999976158142,0.1550000011920929,0.1550000011920929,6839356
2025-09-23,0.16500000655651093,0.17499999701976776,0.14000000059604645,0.15000000596046448,0.15000000596046448,6695508
2025-09-24,0.1599999964237213,0.1599999964237213,0.14000000059604645,0.1599999964237213,0.1599999964237213,2356263
2025-09-25,0.1599999964237213,0.17000000178813934,0.14499999582767487,0.1599999964237213,0.1599999964237213,2681703
2025-09-26,0.16500000655651093,0.20000000298023224,0.1599999964237213,0.1850000023841858,0.1850000023841858,5822049
2025-09-29,0.1899999976158142,0.1899999976158142,0.17249999940395355,0.17499999701976776,0.17499999701976776,2818074
2025-09-30,0.17000000178813934,0.18000000715255737,0.16500000655651093,0.17000000178813934,0.17000000178813934,2554930
2025-10-01,0.17499999701976776,0.18000000715255737,0.17000000178813934,0.18000000715255737,0.18000000715255737,2111755
2025-10-02,0.18000000715255737,0.18000000715255737,0.1550000011920929,0.16500000655651093,0.16500000655651093,2719955
2025-10-03,0.16500000655651093,0.18000000715255737,0.1599999964237213,0.18000000715255737,0.18000000715255737,1636852
2025-10-05,0.18000000715255737,0.1850000023841858,0.17249999940395355,0.1850000023841858,0.1850000023841858,678723
2025-10-06,0.1850000023841858,0.1899999976158142,0.17000000178813934,0.17000000178813934,0.17000000178813934,1757194
2025-10-07,0.17000000178813934,0.17499999701976776,0.16500000655651093,0.16500000655651093,0.16500000655651093,1403381
2025-10-08,0.16500000655651093,0.17000000178813934,0.16500000655651093,0.17000000178813934,0.17000000178813934,1788682
2025-10-09,0.16500000655651093,0.17000000178813934,0.1599999964237213,0.1599999964237213,0.1599999964237213,2679228
2025-10-12,0.1550000011920929,0.1574999988079071,0.14499999582767487,0.14499999582767487,0.14499999582767487,3364058
2025-10-13,0.15000000596046448,0.1550000011920929,0.14499999582767487,0.15000000596046448,0.15000000596046448,1243537
2025-10-14,0.15000000596046448,0.16750000417232513,0.15000000596046448,0.1550000011920929,0.1550000011920929,1651811
2025-10-15,0.1599999964237213,0.17000000178813934,0.1550000011920929,0.16500000655651093,0.16500000655651093,1317719
2025-10-16,0.16500000655651093,0.16500000655651093,0.1550000011920929,0.1550000011920929,0.1550000011920929,1291487
2025-10-19,0.1550000011920929,0.16500000655651093,0.15000000596046448,0.1599999964237213,0.1599999964237213,1584369
2025-10-20,0.1599999964237213,0.1599999964237213,0.1550000011920929,0.1550000011920929,0.1550000011920929,1249741
2025-10-21,0.15000000596046448,0.1550000011920929,0.15000000596046448,0.1525000035762787,0.1525000035762787,3782132
2025-10-22,0.17000000178813934,0.18250000476837158,0.16500000655651093,0.17499999701976776,0.17499999701976776,5597467
2025-10-23,0.17499999701976776,0.18000000715255737,0.16500000655651093,0.16500000655651093,0.16500000655651093,1819586
2025-10-26,0.17000000178813934,0.17499999701976776,0.16750000417232513,0.17499999701976776,0.17499999701976776,747660
2025-10-27,0.17000000178813934,0.17499999701976776,0.16699999570846558,0.17499999701976776,0.17499999701976776,747660